Date, Market Mood Index, Nifty Index
29-10-2021, 24.07 ," 17,671.65 "
28-10-2021, 30.24 ," 17,857.25 "
27-10-2021, 38.95 ," 18,210.95 "
26-10-2021, 41.23 ," 18,268.40 "
25-10-2021, 41.37 ," 18,125.40 "
22-10-2021, 44.36 ," 18,114.90 "
21-10-2021, 50.45 ," 18,178.10 "
20-10-2021, 49.82 ," 18,266.60 "
19-10-2021, 58.34 ," 18,418.75 "
18-10-2021, 69.53 ," 18,477.05 "
14-10-2021, 54.73 ," 18,338.55 "
13-10-2021, 49.46 ," 18,161.75 "
12-10-2021, 45.77 ," 17,991.95 "
11-10-2021, 44.71 ," 17,945.95 "
08-10-2021, 42.36 ," 17,895.20 "
07-10-2021, 35.52 ," 17,790.35 "
06-10-2021, 40.85 ," 17,646.00 "
05-10-2021, 47.70 ," 17,822.30 "
04-10-2021, 42.89 ," 17,691.25 "
01-10-2021, 40.28 ," 17,532.05 "
30-09-2021, 42.24 ," 17,618.15 "
29-09-2021, 42.58 ," 17,711.30 "
28-09-2021, 44.06 ," 17,748.60 "
27-09-2021, 48.39 ," 17,855.10 "
24-09-2021, 50.90 ," 17,853.20 "
24-09-2021, 51.06 ," 17,853.20 "
23-09-2021, 46.31 ," 17,822.95 "
22-09-2021, 47.80 ," 17,546.65 "
21-09-2021, 49.38 ," 17,562.00 "
20-09-2021, 40.92 ," 17,396.90 "
17-09-2021, 50.16 ," 17,585.15 "
16-09-2021, 62.95 ," 17,629.50 "
15-09-2021, 64.11 ," 17,519.45 "
14-09-2021, 60.06 ," 17,380.00 "
13-09-2021, 65.22 ," 17,355.30 "
09-09-2021, 67.89 ," 17,369.25 "
08-09-2021, 66.62 ," 17,353.50 "
07-09-2021, 70.40 ," 17,362.10 "
06-09-2021, 71.02 ," 17,377.80 "
03-09-2021, 72.22 ," 17,323.60 "
02-09-2021, 70.14 ," 17,234.15 "
01-09-2021, 67.50 ," 17,076.25 "
31-08-2021, 61.83 ," 17,132.20 "
30-08-2021, 51.56 ," 16,931.05 "
27-08-2021, 40.02 ," 16,705.20 "
26-08-2021, 36.38 ," 16,636.90 "
25-08-2021, 41.61 ," 16,634.65 "
24-08-2021, 44.33 ," 16,624.60 "
23-08-2021, 41.80 ," 16,496.45 "
20-08-2021, 49.29 ," 16,450.50 "
18-08-2021, 53.69 ," 16,568.85 "
17-08-2021, 53.57 ," 16,614.60 "
16-08-2021, 52.17 ," 16,563.05 "
13-08-2021, 49.62 ," 16,529.10 "
12-08-2021, 53.78 ," 16,364.40 "
11-08-2021, 50.28 ," 16,282.25 "
10-08-2021, 44.28 ," 16,280.10 "
09-08-2021, 48.84 ," 16,258.25 "
06-08-2021, 49.16 ," 16,238.20 "
05-08-2021, 44.09 ," 16,294.60 "
04-08-2021, 47.78 ," 16,258.80 "
03-08-2021, 46.70 ," 16,130.75 "
02-08-2021, 40.63 ," 15,885.15 "
30-07-2021, 38.73 ," 15,763.05 "
29-07-2021, 33.99 ," 15,778.45 "
28-07-2021, 32.89 ," 15,709.40 "
27-07-2021, 41.28 ," 15,746.45 "
26-07-2021, 38.00 ," 15,824.45 "
23-07-2021, 36.31 ," 15,856.05 "
22-07-2021, 34.86 ," 15,824.05 "
20-07-2021, 33.49 ," 15,632.10 "
19-07-2021, 51.52 ," 15,752.40 "
16-07-2021, 59.64 ," 15,923.40 "
15-07-2021, 52.21 ," 15,924.20 "
14-07-2021, 49.23 ," 15,853.95 "
13-07-2021, 50.54 ," 15,812.35 "
12-07-2021, 46.64 ," 15,692.60 "
09-07-2021, 44.63 ," 15,689.80 "
08-07-2021, 52.36 ," 15,727.90 "
07-07-2021, 54.59 ," 15,879.65 "
06-07-2021, 61.35 ," 15,818.25 "
05-07-2021, 66.22 ," 15,834.35 "
02-07-2021, 58.14 ," 15,722.20 "
01-07-2021, 58.21 ," 15,680.00 "
30-06-2021, 60.07 ," 15,721.50 "
29-06-2021, 65.37 ," 15,748.45 "
28-06-2021, 70.80 ," 15,814.70 "
25-06-2021, 61.89 ," 15,860.35 "
24-06-2021, 52.69 ," 15,790.45 "
23-06-2021, 59.24 ," 15,686.95 "
22-06-2021, 66.45 ," 15,772.75 "
21-06-2021, 67.81 ," 15,746.50 "
18-06-2021, 62.22 ," 15,683.35 "
17-06-2021, 63.27 ," 15,691.40 "
16-06-2021, 72.89 ," 15,767.55 "
15-06-2021, 76.46 ," 15,869.25 "
14-06-2021, 74.19 ," 15,811.85 "
11-06-2021, 76.35 ," 15,799.35 "
10-06-2021, 76.73 ," 15,737.75 "
09-06-2021, 76.25 ," 15,635.35 "
08-06-2021, 83.75 ," 15,740.10 "
07-06-2021, 88.18 ," 15,751.65 "
04-06-2021, 86.94 ," 15,670.25 "
03-06-2021, 87.74 ," 15,690.35 "
02-06-2021, 83.57 ," 15,576.20 "
01-06-2021, 80.55 ," 15,574.85 "
31-05-2021, 82.22 ," 15,582.80 "
28-05-2021, 77.84 ," 15,435.65 "
27-05-2021, 70.38 ," 15,337.85 "
26-05-2021, 67.15 ," 15,301.45 "
25-05-2021, 71.84 ," 15,208.45 "
24-05-2021, 71.04 ," 15,197.70 "
21-05-2021, 62.01 ," 15,175.30 "
20-05-2021, 58.01 ," 14,906.05 "
19-05-2021, 61.41 ," 15,030.15 "
18-05-2021, 61.01 ," 15,108.10 "
17-05-2021, 48.06 ," 14,923.15 "
14-05-2021, 43.89 ," 14,677.80 "
12-05-2021, 56.34 ," 14,696.50 "
11-05-2021, 61.92 ," 14,850.75 "
10-05-2021, 59.35 ," 14,942.35 "
07-05-2021, 54.79 ," 14,823.15 "
06-05-2021, 54.46 ," 14,724.80 "
05-05-2021, 49.08 ," 14,617.85 "
04-05-2021, 42.94 ," 14,496.50 "
03-05-2021, 47.92 ," 14,634.15 "
30-04-2021, 52.10 ," 14,631.10 "
30-04-2021, 52.10 ," 14,631.10 "
29-04-2021, 52.43 ," 14,894.90 "
28-04-2021, 52.81 ," 14,864.55 "
27-04-2021, 50.00 ," 14,653.05 "
26-04-2021, 46.42 ," 14,485.00 "
23-04-2021, 34.33 ," 14,341.35 "
22-04-2021, 28.34 ," 14,406.15 "
20-04-2021, 24.66 ," 14,296.40 "
19-04-2021, 31.85 ," 14,359.45 "
16-04-2021, 35.47 ," 14,617.85 "
15-04-2021, 32.74 ," 14,581.45 "
13-04-2021, 28.80 ," 14,504.80 "
12-04-2021, 27.87 ," 14,310.80 "
09-04-2021, 35.91 ," 14,834.85 "
08-04-2021, 36.22 ," 14,873.80 "
07-04-2021, 40.38 ," 14,819.05 "
06-04-2021, 41.83 ," 14,683.50 "
05-04-2021, 46.27 ," 14,637.80 "
01-04-2021, 45.14 ," 14,867.35 "
31-03-2021, 47.36 ," 14,690.70 "
30-03-2021, 45.70 ," 14,845.10 "
26-03-2021, 23.09 ," 14,507.30 "
25-03-2021, 13.90 ," 14,324.90 "
24-03-2021, 26.58 ," 14,549.40 "
23-03-2021, 29.69 ," 14,814.75 "
22-03-2021, 23.18 ," 14,736.40 "
19-03-2021, 29.56 ," 14,744.00 "
18-03-2021, 35.36 ," 14,557.85 "
17-03-2021, 30.47 ," 14,721.30 "
16-03-2021, 34.28 ," 14,910.45 "
15-03-2021, 36.90 ," 14,929.50 "
10-03-2021, 35.15 ," 15,174.80 "
09-03-2021, 26.99 ," 15,098.40 "
08-03-2021, 24.13 ," 14,956.20 "
05-03-2021, 18.14 ," 14,938.10 "
04-03-2021, 35.74 ," 15,080.75 "
03-03-2021, 42.51 ," 15,245.60 "
02-03-2021, 35.94 ," 14,919.10 "
01-03-2021, 26.71 ," 14,761.55 "
26-02-2021, 34.13 ," 14,529.15 "
25-02-2021, 39.39 ," 15,097.35 "
24-02-2021, 29.39 ," 14,836.70 "
23-02-2021, 24.89 ," 14,707.80 "
22-02-2021, 25.92 ," 14,675.70 "
19-02-2021, 39.91 ," 14,981.75 "
18-02-2021, 52.07 ," 15,118.95 "
17-02-2021, 50.11 ," 15,208.90 "
16-02-2021, 47.63 ," 15,313.45 "
15-02-2021, 44.45 ," 15,314.70 "
12-02-2021, 40.93 ," 15,163.30 "
11-02-2021, 38.30 ," 15,173.30 "
10-02-2021, 37.53 ," 14,924.25 "
09-02-2021, 37.19 ," 14,924.25 "
08-02-2021, 35.74 ," 14,924.25 "
05-02-2021, 38.94 ," 14,924.25 "
04-02-2021, 43.10 ," 14,895.65 "
03-02-2021, 43.21 ," 14,789.95 "
02-02-2021, 38.46 ," 14,647.85 "
01-02-2021, 26.73 ," 14,281.20 "
29-01-2021, 21.42 ," 13,634.60 "
28-01-2021, 22.56 ," 13,817.55 "
27-01-2021, 24.44 ," 13,967.50 "
25-01-2021, 26.66 ," 14,238.90 "
22-01-2021, 32.39 ," 14,371.90 "
21-01-2021, 47.91 ," 14,590.35 "
20-01-2021, 51.04 ," 14,521.15 "
19-01-2021, 45.17 ," 14,521.15 "
18-01-2021, 44.61 ," 14,281.30 "
15-01-2021, 50.27 ," 14,433.70 "
14-01-2021, 53.15 ," 14,595.60 "
13-01-2021, 63.45 ," 14,564.85 "
12-01-2021, 65.70 ," 14,563.45 "
11-01-2021, 61.35 ," 14,484.75 "
08-01-2021, 66.61 ," 14,347.25 "
07-01-2021, 66.02 ," 14,137.35 "
06-01-2021, 65.55 ," 14,146.25 "
05-01-2021, 71.57 ," 14,199.50 "
04-01-2021, 76.34 ," 14,132.90 "
01-01-2021, 73.09 ," 14,018.50 "
31-12-2020, 63.20 ," 13,981.75 "
30-12-2020, 59.59 ," 13,981.95 "
29-12-2020, 61.84 ," 13,932.60 "
28-12-2020, 56.90 ," 13,873.20 "
24-12-2020, 51.11 ," 13,743.75 "
23-12-2020, 49.86 ," 13,601.10 "
22-12-2020, 40.27 ," 13,466.30 "
21-12-2020, 47.54 ," 13,328.40 "
18-12-2020, 63.03 ," 13,760.55 "
17-12-2020, 64.78 ," 13,740.70 "
16-12-2020, 61.78 ," 13,682.70 "
15-12-2020, 59.74 ," 13,567.85 "
14-12-2020, 62.85 ," 13,558.15 "
11-12-2020, 67.57 ," 13,513.85 "
10-12-2020, 71.63 ," 13,478.30 "
09-12-2020, 77.24 ," 13,529.10 "
08-12-2020, 81.80 ," 13,392.95 "
07-12-2020, 81.40 ," 13,355.75 "
04-12-2020, 82.76 ," 13,258.55 "
03-12-2020, 83.87 ," 13,133.90 "
02-12-2020, 85.62 ," 13,113.75 "
01-12-2020, 83.84 ," 13,109.05 "
27-11-2020, 77.33 ," 12,968.95 "
26-11-2020, 66.45 ," 12,987.00 "
25-11-2020, 65.39 ," 12,858.40 "
24-11-2020, 75.76 ," 13,055.15 "
23-11-2020, 79.83 ," 12,926.45 "
20-11-2020, 80.11 ," 12,859.05 "
19-11-2020, 81.84 ," 12,771.70 "
18-11-2020, 85.41 ," 12,938.25 "
17-11-2020, 85.49 ," 12,874.20 "
14-11-2020, 85.30 ," 12,719.95 "
13-11-2020, 84.52 ," 12,719.95 "
12-11-2020, 79.03 ," 12,690.80 "
11-11-2020, 71.89 ," 12,749.15 "
10-11-2020, 73.09 ," 12,631.10 "
09-11-2020, 73.30 ," 12,461.05 "
06-11-2020, 57.76 ," 12,263.55 "
05-11-2020, 42.27 ," 12,120.30 "
04-11-2020, 30.97 ," 11,908.50 "
03-11-2020, 30.97 ," 11,813.50 "
02-11-2020, 32.94 ," 11,669.15 "
30-10-2020, 29.17 ," 11,642.40 "
29-10-2020, 25.13 ," 11,670.80 "
28-10-2020, 28.27 ," 11,729.60 "
27-10-2020, 33.70 ," 11,889.40 "
26-10-2020, 35.92 ," 11,767.75 "
23-10-2020, 46.18 ," 11,930.35 "
22-10-2020, 44.06 ," 11,896.45 "
21-10-2020, 44.92 ," 11,937.65 "
20-10-2020, 46.32 ," 11,896.80 "
19-10-2020, 46.77 ," 11,873.05 "
16-10-2020, 43.04 ," 11,762.45 "
15-10-2020, 49.13 ," 11,680.35 "
14-10-2020, 55.74 ," 11,971.05 "
13-10-2020, 52.12 ," 11,934.50 "
12-10-2020, 59.05 ," 11,930.95 "
09-10-2020, 65.91 ," 11,914.20 "
08-10-2020, 63.17 ," 11,834.60 "
07-10-2020, 57.14 ," 11,738.85 "
06-10-2020, 50.05 ," 11,662.40 "
05-10-2020, 46.37 ," 11,503.35 "
01-10-2020, 37.83 ," 11,416.95 "
30-09-2020, 30.18 ," 11,247.55 "
30-09-2020, 28.48 ," 11,247.55 "
29-09-2020, 35.88 ," 11,222.40 "
28-09-2020, 40.24 ," 11,227.55 "
25-09-2020, 23.95 ," 11,050.25 "
24-09-2020, 17.25 ," 10,805.55 "
23-09-2020, 22.91 ," 11,131.85 "
22-09-2020, 21.78 ," 11,153.65 "
21-09-2020, 32.00 ," 11,250.55 "
18-09-2020, 39.12 ," 11,504.95 "
17-09-2020, 35.68 ," 11,516.10 "
16-09-2020, 41.67 ," 11,604.55 "
15-09-2020, 41.92 ," 11,521.80 "
14-09-2020, 39.04 ," 11,440.05 "
11-09-2020, 38.38 ," 11,464.45 "
10-09-2020, 31.32 ," 11,449.25 "
09-09-2020, 29.27 ," 11,278.00 "
08-09-2020, 38.19 ," 11,317.35 "
07-09-2020, 35.39 ," 11,355.05 "
04-09-2020, 41.41 ," 11,333.85 "
03-09-2020, 56.52 ," 11,527.45 "
02-09-2020, 43.59 ," 11,535.00 "
01-09-2020, 44.36 ," 11,470.25 "
31-08-2020, 61.35 ," 11,387.50 "
28-08-2020, 69.10 ," 11,647.60 "
27-08-2020, 68.68 ," 11,559.25 "
26-08-2020, 70.05 ," 11,549.60 "
25-08-2020, 71.67 ," 11,472.25 "
24-08-2020, 69.98 ," 11,466.45 "
21-08-2020, 67.80 ," 11,371.60 "
20-08-2020, 72.37 ," 11,312.20 "
19-08-2020, 75.59 ," 11,408.40 "
18-08-2020, 71.01 ," 11,385.35 "
17-08-2020, 66.62 ," 11,247.10 "
14-08-2020, 59.86 ," 11,178.40 "
13-08-2020, 64.13 ," 11,300.45 "
12-08-2020, 64.78 ," 11,308.40 "
11-08-2020, 68.04 ," 11,322.50 "
10-08-2020, 70.48 ," 11,270.15 "
07-08-2020, 66.51 ," 11,214.05 "
06-08-2020, 62.81 ," 11,200.15 "
05-08-2020, 63.56 ," 11,101.65 "
04-08-2020, 66.29 ," 11,095.25 "
03-08-2020, 70.78 ," 10,891.60 "
31-07-2020, 68.55 ," 11,073.45 "
30-07-2020, 58.41 ," 11,102.15 "
29-07-2020, 55.59 ," 11,202.85 "
28-07-2020, 52.72 ," 11,300.55 "
27-07-2020, 53.96 ," 11,131.80 "
24-07-2020, 60.99 ," 11,194.15 "
23-07-2020, 62.80 ," 11,215.45 "
22-07-2020, 67.84 ," 11,132.60 "
21-07-2020, 65.24 ," 11,162.25 "
20-07-2020, 66.50 ," 11,022.20 "
17-07-2020, 62.81 ," 10,901.70 "
16-07-2020, 55.95 ," 10,739.95 "
15-07-2020, 59.00 ," 10,618.20 "
14-07-2020, 64.48 ," 10,607.35 "
13-07-2020, 70.12 ," 10,802.70 "
10-07-2020, 77.20 ," 10,768.05 "
09-07-2020, 76.85 ," 10,813.45 "
08-07-2020, 71.96 ," 10,705.75 "
07-07-2020, 72.40 ," 10,799.65 "
06-07-2020, 71.17 ," 10,763.65 "
03-07-2020, 68.89 ," 10,607.35 "
03-07-2020, 69.30 ," 10,607.35 "
02-07-2020, 65.62 ," 10,551.70 "
01-07-2020, 59.87 ," 10,430.05 "
30-06-2020, 56.56 ," 10,302.10 "
29-06-2020, 55.38 ," 10,312.40 "
26-06-2020, 56.87 ," 10,383.00 "
25-06-2020, 57.81 ," 10,288.90 "
24-06-2020, 61.50 ," 10,305.30 "
23-06-2020, 68.57 ," 10,471.00 "
22-06-2020, 70.27 ," 10,311.20 "
19-06-2020, 65.80 ," 10,244.40 "
18-06-2020, 58.41 ," 10,091.65 "
17-06-2020, 55.44 ," 9,881.15 "
16-06-2020, 57.61 ," 9,914.00 "
15-06-2020, 68.57 ," 9,813.70 "
12-06-2020, 70.98 ," 9,972.90 "
11-06-2020, 74.51 ," 9,902.00 "
10-06-2020, 78.73 ," 10,116.15 "
09-06-2020, 78.23 ," 10,046.65 "
08-06-2020, 85.64 ," 10,167.45 "
05-06-2020, 87.36 ," 10,142.15 "
04-06-2020, 84.99 ," 10,029.10 "
03-06-2020, 83.08 ," 10,061.55 "
02-06-2020, 80.97 ," 9,979.10 "
01-06-2020, 78.63 ," 9,826.15 "
29-05-2020, 76.18 ," 9,580.30 "
28-05-2020, 74.23 ," 9,490.10 "
27-05-2020, 71.95 ," 9,314.95 "
26-05-2020, 68.36 ," 9,029.05 "
22-05-2020, 57.87 ," 9,039.25 "
21-05-2020, 61.03 ," 9,106.25 "
20-05-2020, 69.22 ," 9,066.55 "
19-05-2020, 66.82 ," 8,879.10 "
18-05-2020, 59.25 ," 8,823.25 "
15-05-2020, 62.30 ," 9,136.85 "
14-05-2020, 64.44 ," 9,142.75 "
13-05-2020, 65.28 ," 9,383.55 "
12-05-2020, 75.57 ," 9,196.55 "
11-05-2020, 67.60 ," 9,239.20 "
08-05-2020, 59.34 ," 9,251.50 "
07-05-2020, 58.50 ," 9,199.05 "
06-05-2020, 66.70 ," 9,270.90 "
05-05-2020, 64.40 ," 9,205.60 "
04-05-2020, 63.42 ," 9,293.50 "
30-04-2020, 71.07 ," 9,859.90 "
29-04-2020, 68.52 ," 9,553.35 "
28-04-2020, 68.40 ," 9,380.90 "
27-04-2020, 71.92 ," 9,282.30 "
24-04-2020, 60.87 ," 9,154.40 "
23-04-2020, 64.47 ," 9,313.90 "
22-04-2020, 62.09 ," 9,187.30 "
21-04-2020, 59.82 ," 8,981.45 "
20-04-2020, 58.30 ," 9,261.85 "
17-04-2020, 57.06 ," 9,266.75 "
16-04-2020, 55.46 ," 8,992.80 "
15-04-2020, 50.12 ," 8,925.30 "
13-04-2020, 54.47 ," 8,993.85 "
09-04-2020, 52.59 ," 9,111.90 "
08-04-2020, 50.41 ," 8,748.75 "
07-04-2020, 47.65 ," 8,792.20 "
03-04-2020, 37.73 ," 8,083.80 "
01-04-2020, 33.70 ," 8,253.80 "
31-03-2020, 35.37 ," 8,597.75 "
30-03-2020, 31.44 ," 8,281.10 "
27-03-2020, 34.69 ," 8,660.25 "
26-03-2020, 32.75 ," 8,641.45 "
25-03-2020, 24.44 ," 8,317.85 "
24-03-2020, 30.30 ," 7,801.05 "
23-03-2020, 27.58 ," 7,610.25 "
20-03-2020, 20.58 ," 8,745.45 "
19-03-2020, 27.58 ," 8,263.45 "
18-03-2020, 29.55 ," 8,468.80 "
17-03-2020, 27.46 ," 8,967.05 "
16-03-2020, 29.63 ," 9,197.40 "
13-03-2020, 19.14 ," 9,955.20 "
12-03-2020, 15.08 ," 9,590.15 "
11-03-2020, 15.83 ," 10,458.40 "
09-03-2020, 13.78 ," 10,451.45 "
06-03-2020, 12.36 ," 10,989.45 "
05-03-2020, 19.14 ," 11,269.00 "
04-03-2020, 21.07 ," 11,251.00 "
03-03-2020, 19.35 ," 11,303.30 "
02-03-2020, 16.68 ," 11,132.75 "
28-02-2020, 19.56 ," 11,201.75 "
27-02-2020, 20.29 ," 11,633.30 "
26-02-2020, 21.52 ," 11,678.50 "
25-02-2020, 22.13 ," 11,797.90 "
24-02-2020, 25.24 ," 11,829.40 "
20-02-2020, 39.71 ," 12,080.85 "
19-02-2020, 31.18 ," 12,125.90 "
18-02-2020, 24.80 ," 11,992.50 "
17-02-2020, 30.38 ," 12,045.80 "
14-02-2020, 40.33 ," 12,113.45 "
13-02-2020, 42.91 ," 12,174.65 "
12-02-2020, 38.74 ," 12,201.20 "
11-02-2020, 34.06 ," 12,107.90 "
10-02-2020, 36.54 ," 12,031.50 "
07-02-2020, 42.10 ," 12,098.35 "
06-02-2020, 39.58 ," 12,137.95 "
05-02-2020, 30.64 ," 12,089.15 "
04-02-2020, 19.92 ," 11,979.65 "
03-02-2020, 20.96 ," 11,707.90 "
01-02-2020, 16.00 ," 11,707.90 "
31-01-2020, 23.51 ," 11,962.10 "
30-01-2020, 24.52 ," 12,035.80 "
29-01-2020, 23.64 ," 12,129.50 "
28-01-2020, 21.05 ," 12,055.80 "
27-01-2020, 21.08 ," 12,119.00 "
24-01-2020, 48.07 ," 12,248.25 "
23-01-2020, 48.03 ," 12,180.35 "
22-01-2020, 50.83 ," 12,106.90 "
21-01-2020, 59.12 ," 12,169.85 "
20-01-2020, 58.45 ," 12,224.55 "
17-01-2020, 56.61 ," 12,352.35 "
16-01-2020, 59.69 ," 12,355.50 "
15-01-2020, 61.78 ," 12,343.30 "
14-01-2020, 60.43 ," 12,362.30 "
13-01-2020, 52.41 ," 12,329.55 "
10-01-2020, 51.00 ," 12,256.80 "
09-01-2020, 45.11 ," 12,215.90 "
08-01-2020, 47.85 ," 12,025.35 "
07-01-2020, 38.74 ," 12,052.95 "
06-01-2020, 35.47 ," 11,993.05 "
03-01-2020, 46.83 ," 12,226.65 "
02-01-2020, 48.03 ," 12,282.20 "
01-01-2020, 46.39 ," 12,182.50 "
31-12-2019, 51.13 ," 12,168.45 "
30-12-2019, 51.41 ," 12,255.85 "
27-12-2019, 51.91 ," 12,245.80 "
26-12-2019, 54.80 ," 12,126.55 "
24-12-2019, 59.92 ," 12,214.55 "
23-12-2019, 62.27 ," 12,262.75 "
20-12-2019, 68.01 ," 12,271.80 "
19-12-2019, 62.71 ," 12,259.70 "
18-12-2019, 60.52 ," 12,221.65 "
17-12-2019, 57.91 ," 12,165.00 "
16-12-2019, 56.95 ," 12,053.95 "
13-12-2019, 62.72 ," 12,086.70 "
12-12-2019, 52.88 ," 11,971.80 "
11-12-2019, 49.75 ," 11,910.15 "
10-12-2019, 53.75 ," 11,856.80 "
09-12-2019, 54.28 ," 11,937.50 "
06-12-2019, 55.97 ," 11,921.50 "
05-12-2019, 67.16 ," 12,018.40 "
04-12-2019, 77.16 ," 12,043.20 "
03-12-2019, 60.31 ," 11,994.20 "
02-12-2019, 80.23 ," 12,040.75 "
29-11-2019, 69.29 ," 12,056.05 "
28-11-2019, 68.77 ," 12,151.15 "
27-11-2019, 59.48 ," 12,100.70 "
26-11-2019, 51.44 ," 12,037.70 "
25-11-2019, 56.45 ," 12,073.75 "
22-11-2019, 51.13 ," 11,914.40 "
21-11-2019, 57.75 ," 11,968.40 "
20-11-2019, 64.92 ," 11,999.10 "
19-11-2019, 63.18 ," 11,940.10 "
18-11-2019, 64.67 ," 11,884.50 "
15-11-2019, 64.77 ," 11,895.45 "
14-11-2019, 54.43 ," 11,872.10 "
13-11-2019, 62.31 ," 11,840.45 "
11-11-2019, 74.05 ," 11,913.45 "
08-11-2019, 75.76 ," 11,908.15 "
07-11-2019, 76.07 ," 12,012.05 "
06-11-2019, 74.92 ," 11,966.05 "
05-11-2019, 75.44 ," 11,917.20 "
04-11-2019, 74.11 ," 11,941.30 "
01-11-2019, 77.58 ," 11,890.60 "
31-10-2019, 71.33 ," 11,877.45 "
30-10-2019, 70.41 ," 11,844.10 "
29-10-2019, 75.43 ," 11,786.85 "
27-10-2019, 77.67 ," 11,786.85 "
25-10-2019, 78.13 ," 11,583.90 "
24-10-2019, 66.11 ," 11,582.60 "
23-10-2019, 69.76 ," 11,604.10 "
22-10-2019, 74.59 ," 11,588.35 "
18-10-2019, 75.48 ," 11,661.85 "
17-10-2019, 70.97 ," 11,586.35 "
16-10-2019, 67.52 ," 11,464.00 "
15-10-2019, 63.99 ," 11,428.30 "
14-10-2019, 57.14 ," 11,341.15 "
11-10-2019, 55.51 ," 11,305.05 "
10-10-2019, 57.38 ," 11,234.55 "
09-10-2019, 57.59 ," 11,313.30 "
07-10-2019, 57.27 ," 11,126.40 "
04-10-2019, 58.61 ," 11,174.75 "
03-10-2019, 64.56 ," 11,314.00 "
01-10-2019, 70.24 ," 11,359.90 "
30-09-2019, 74.94 ," 11,474.45 "
27-09-2019, 75.03 ," 11,512.40 "
26-09-2019, 77.52 ," 11,571.20 "
25-09-2019, 74.79 ," 11,440.20 "
24-09-2019, 77.59 ," 11,588.20 "
23-09-2019, 69.76 ," 11,600.20 "
20-09-2019, 66.29 ," 11,274.20 "
19-09-2019, 61.11 ," 10,704.80 "
18-09-2019, 59.12 ," 10,840.65 "
17-09-2019, 56.22 ," 10,817.60 "
16-09-2019, 60.47 ," 11,003.50 "
13-09-2019, 72.14 ," 11,075.90 "
12-09-2019, 59.20 ," 10,982.80 "
11-09-2019, 66.05 ," 11,035.70 "
09-09-2019, 62.51 ," 11,003.05 "
06-09-2019, 58.79 ," 10,946.20 "
05-09-2019, 51.28 ," 10,847.90 "
04-09-2019, 46.41 ," 10,844.65 "
03-09-2019, 42.18 ," 10,797.90 "
30-08-2019, 53.28 ," 11,023.25 "
29-08-2019, 48.65 ," 10,948.30 "
28-08-2019, 51.18 ," 11,046.10 "
27-08-2019, 52.91 ," 11,105.35 "
26-08-2019, 54.75 ," 11,057.85 "
23-08-2019, 57.93 ," 10,829.35 "
22-08-2019, 34.50 ," 10,741.35 "
21-08-2019, 34.88 ," 10,918.70 "
20-08-2019, 34.71 ," 11,017.00 "
19-08-2019, 34.28 ," 11,053.90 "
16-08-2019, 41.96 ," 11,047.80 "
14-08-2019, 40.74 ," 11,029.40 "
13-08-2019, 27.77 ," 10,925.85 "
09-08-2019, 34.19 ," 11,109.65 "
08-08-2019, 38.82 ," 11,032.45 "
07-08-2019, 23.22 ," 10,931.45 "
06-08-2019, 25.82 ," 10,948.25 "
05-08-2019, 23.17 ," 10,862.60 "
02-08-2019, 21.33 ," 10,997.35 "
01-08-2019, 23.57 ," 10,980.00 "
31-07-2019, 21.82 ," 11,118.00 "
30-07-2019, 13.98 ," 11,085.40 "
29-07-2019, 15.89 ," 11,189.20 "
26-07-2019, 22.61 ," 11,284.30 "
25-07-2019, 16.18 ," 11,252.15 "
24-07-2019, 15.94 ," 11,271.30 "
23-07-2019, 23.19 ," 11,331.05 "
22-07-2019, 24.91 ," 11,346.20 "
19-07-2019, 18.04 ," 11,419.25 "
18-07-2019, 19.00 ," 11,596.90 "
17-07-2019, 27.14 ," 11,687.50 "
16-07-2019, 28.81 ," 11,662.60 "
15-07-2019, 27.37 ," 11,588.35 "
12-07-2019, 30.75 ," 11,552.50 "
11-07-2019, 28.61 ," 11,582.90 "
10-07-2019, 28.73 ," 11,498.90 "
09-07-2019, 33.15 ," 11,555.90 "
08-07-2019, 40.78 ," 11,558.60 "
05-07-2019, 49.78 ," 11,811.15 "
04-07-2019, 56.50 ," 11,946.75 "
03-07-2019, 47.39 ," 11,916.75 "
02-07-2019, 53.41 ," 11,910.30 "
01-07-2019, 49.64 ," 11,865.60 "
28-06-2019, 41.16 ," 11,788.85 "
27-06-2019, 42.88 ," 11,841.55 "
26-06-2019, 44.86 ," 11,847.55 "
25-06-2019, 44.19 ," 11,796.45 "
24-06-2019, 43.35 ," 11,699.65 "
21-06-2019, 47.78 ," 11,724.10 "
20-06-2019, 44.38 ," 11,831.75 "
19-06-2019, 36.14 ," 11,691.45 "
18-06-2019, 41.60 ," 11,691.50 "
17-06-2019, 43.93 ," 11,672.15 "
14-06-2019, 41.86 ," 11,823.30 "
13-06-2019, 52.64 ," 11,914.05 "
12-06-2019, 54.31 ," 11,906.20 "
11-06-2019, 55.50 ," 11,965.60 "
10-06-2019, 47.40 ," 11,922.70 "
07-06-2019, 46.84 ," 11,870.65 "
06-06-2019, 54.69 ," 11,843.75 "
04-06-2019, 65.92 ," 12,021.65 "
03-06-2019, 69.41 ," 12,088.55 "
31-05-2019, 60.23 ," 11,922.80 "
30-05-2019, 56.66 ," 11,945.90 "
29-05-2019, 54.47 ," 11,861.10 "
28-05-2019, 57.84 ," 11,928.75 "
27-05-2019, 58.25 ," 11,924.75 "
24-05-2019, 51.55 ," 11,844.10 "
23-05-2019, 41.74 ," 11,657.05 "
22-05-2019, 35.67 ," 11,737.90 "
21-05-2019, 41.08 ," 11,709.10 "
20-05-2019, 33.25 ," 11,828.25 "
17-05-2019, 20.05 ," 11,407.15 "
16-05-2019, 18.47 ," 11,257.10 "
15-05-2019, 18.09 ," 11,157.00 "
14-05-2019, 23.23 ," 11,222.05 "
13-05-2019, 18.74 ," 11,148.20 "
10-05-2019, 17.21 ," 11,278.90 "
09-05-2019, 24.41 ," 11,301.80 "
08-05-2019, 33.17 ," 11,359.45 "
07-05-2019, 40.39 ," 11,497.90 "
06-05-2019, 53.43 ," 11,598.25 "
03-05-2019, 55.60 ," 11,712.25 "
02-05-2019, 46.67 ," 11,724.75 "
30-04-2019, 51.25 ," 11,748.15 "
26-04-2019, 59.28 ," 11,754.65 "
25-04-2019, 46.29 ," 11,641.80 "
24-04-2019, 47.73 ," 11,726.15 "
23-04-2019, 39.42 ," 11,575.95 "
22-04-2019, 39.60 ," 11,594.45 "
18-04-2019, 44.75 ," 11,752.80 "
16-04-2019, 49.06 ," 11,787.15 "
15-04-2019, 49.43 ," 11,690.35 "
12-04-2019, 49.04 ," 11,643.45 "
11-04-2019, 43.13 ," 11,596.70 "
10-04-2019, 48.07 ," 11,584.30 "
09-04-2019, 51.33 ," 11,671.95 "
08-04-2019, 53.07 ," 11,604.50 "
05-04-2019, 54.44 ," 11,665.95 "
04-04-2019, 50.23 ," 11,598.00 "
03-04-2019, 48.21 ," 11,643.95 "
02-04-2019, 63.24 ," 11,713.20 "
01-04-2019, 61.41 ," 11,669.15 "
29-03-2019, 67.19 ," 11,623.90 "
28-03-2019, 70.96 ," 11,570.00 "
27-03-2019, 65.41 ," 11,445.05 "
26-03-2019, 71.58 ," 11,483.25 "
25-03-2019, 67.66 ," 11,354.25 "
22-03-2019, 68.21 ," 11,456.90 "
20-03-2019, 73.36 ," 11,521.05 "
19-03-2019, 77.11 ," 11,532.40 "
18-03-2019, 77.92 ," 11,462.20 "
15-03-2019, 82.65 ," 11,426.85 "
14-03-2019, 80.63 ," 11,343.25 "
13-03-2019, 73.21 ," 11,341.70 "
12-03-2019, 69.07 ," 11,301.20 "
11-03-2019, 76.06 ," 11,168.05 "
08-03-2019, 71.75 ," 11,035.40 "
07-03-2019, 69.48 ," 11,058.20 "
06-03-2019, 71.61 ," 11,053.00 "
05-03-2019, 70.53 ," 10,987.45 "
01-03-2019, 67.06 ," 10,863.50 "
28-02-2019, 45.67 ," 10,792.50 "
27-02-2019, 38.66 ," 10,806.65 "
26-02-2019, 46.50 ," 10,835.30 "
25-02-2019, 43.83 ," 10,880.10 "
22-02-2019, 52.92 ," 10,791.65 "
21-02-2019, 42.57 ," 10,789.85 "
20-02-2019, 32.02 ," 10,735.45 "
19-02-2019, 23.51 ," 10,604.35 "
18-02-2019, 34.43 ," 10,640.95 "
15-02-2019, 39.77 ," 10,724.40 "
14-02-2019, 56.52 ," 10,746.05 "
13-02-2019, 54.12 ," 10,793.65 "
12-02-2019, 62.57 ," 10,831.40 "
11-02-2019, 61.44 ," 10,888.80 "
08-02-2019, 60.34 ," 10,943.60 "
07-02-2019, 61.80 ," 11,069.40 "
06-02-2019, 53.59 ," 11,062.45 "
05-02-2019, 41.34 ," 10,934.35 "
04-02-2019, 35.36 ," 10,912.25 "
01-02-2019, 33.30 ," 10,893.65 "
31-01-2019, 30.17 ," 10,830.95 "
30-01-2019, 28.03 ," 10,651.80 "
29-01-2019, 41.35 ," 10,652.20 "
28-01-2019, 45.90 ," 10,661.55 "
25-01-2019, 48.66 ," 10,780.55 "
24-01-2019, 52.24 ," 10,849.80 "
23-01-2019, 51.87 ," 10,831.50 "
22-01-2019, 51.35 ," 10,922.75 "
21-01-2019, 52.90 ," 10,961.85 "
18-01-2019, 58.00 ," 10,906.95 "
17-01-2019, 61.55 ," 10,905.20 "
16-01-2019, 67.07 ," 10,890.30 "
15-01-2019, 64.59 ," 10,886.80 "
14-01-2019, 63.36 ," 10,737.60 "
11-01-2019, 63.42 ," 10,794.95 "
10-01-2019, 65.69 ," 10,821.60 "
09-01-2019, 70.29 ," 10,855.15 "
08-01-2019, 73.36 ," 10,802.15 "
07-01-2019, 63.93 ," 10,771.80 "
04-01-2019, 57.61 ," 10,727.35 "
03-01-2019, 52.87 ," 10,672.25 "
02-01-2019, 65.37 ," 10,792.50 "
01-01-2019, 71.19 ," 10,910.10 "
31-12-2018, 73.29 ," 10,862.55 "
28-12-2018, 67.69 ," 10,859.90 "
27-12-2018, 61.57 ," 10,779.80 "
26-12-2018, 67.85 ," 10,729.85 "
24-12-2018, 68.78 ," 10,663.50 "
21-12-2018, 72.12 ," 10,754.00 "
20-12-2018, 73.23 ," 10,951.70 "
19-12-2018, 69.53 ," 10,967.30 "
18-12-2018, 73.51 ," 10,908.70 "
17-12-2018, 77.01 ," 10,888.35 "
14-12-2018, 74.33 ," 10,805.45 "
13-12-2018, 71.05 ," 10,791.55 "
12-12-2018, 73.02 ," 10,737.60 "
11-12-2018, 70.27 ," 10,549.15 "
10-12-2018, 48.61 ," 10,488.45 "
07-12-2018, 64.58 ," 10,693.70 "
06-12-2018, 65.80 ," 10,601.15 "
05-12-2018, 65.69 ," 10,782.90 "
04-12-2018, 80.14 ," 10,869.50 "
03-12-2018, 70.75 ," 10,883.75 "
30-11-2018, 62.26 ," 10,876.75 "
29-11-2018, 64.69 ," 10,858.70 "
28-11-2018, 60.24 ," 10,728.85 "
27-11-2018, 53.59 ," 10,685.60 "
26-11-2018, 53.38 ," 10,628.60 "
22-11-2018, 56.81 ," 10,526.75 "
21-11-2018, 53.96 ," 10,600.05 "
20-11-2018, 54.27 ," 10,656.20 "
19-11-2018, 56.53 ," 10,763.40 "
16-11-2018, 52.97 ," 10,682.20 "
15-11-2018, 49.17 ," 10,616.70 "
14-11-2018, 49.76 ," 10,576.30 "
13-11-2018, 43.71 ," 10,582.50 "
12-11-2018, 49.60 ," 10,482.20 "
09-11-2018, 52.86 ," 10,601.50 "
07-11-2018, 51.41 ," 10,601.50 "
06-11-2018, 45.31 ," 10,530.00 "
05-11-2018, 43.82 ," 10,524.00 "
02-11-2018, 45.19 ," 10,553.00 "
01-11-2018, 44.51 ," 10,380.45 "
31-10-2018, 41.66 ," 10,386.60 "
30-10-2018, 42.84 ," 10,198.40 "
29-10-2018, 34.62 ," 10,250.85 "
26-10-2018, 20.55 ," 10,030.00 "
25-10-2018, 15.58 ," 10,124.90 "
24-10-2018, 24.39 ," 10,224.75 "
23-10-2018, 19.72 ," 10,146.80 "
22-10-2018, 16.26 ," 10,245.25 "
19-10-2018, 16.06 ," 10,303.55 "
17-10-2018, 20.46 ," 10,453.05 "
16-10-2018, 20.58 ," 10,584.75 "
15-10-2018, 22.34 ," 10,512.50 "
12-10-2018, 27.51 ," 10,472.50 "
11-10-2018, 19.76 ," 10,234.65 "
10-10-2018, 16.66 ," 10,460.10 "
09-10-2018, 15.00 ," 10,301.05 "
08-10-2018, 15.00 ," 10,348.05 "
05-10-2018, 20.47 ," 10,316.45 "
04-10-2018, 20.90 ," 10,599.25 "
03-10-2018, 24.67 ," 10,858.25 "
01-10-2018, 33.91 ," 11,008.30 "
28-09-2018, 21.02 ," 10,930.45 "
27-09-2018, 19.30 ," 10,977.55 "
26-09-2018, 19.30 ," 11,053.80 "
25-09-2018, 16.69 ," 11,067.45 "
24-09-2018, 18.41 ," 10,967.40 "
21-09-2018, 19.30 ," 11,143.10 "
19-09-2018, 18.95 ," 11,234.35 "
18-09-2018, 22.07 ," 11,278.90 "
17-09-2018, 35.00 ," 11,377.75 "
14-09-2018, 36.95 ," 11,515.20 "
12-09-2018, 24.33 ," 11,369.90 "
11-09-2018, 26.05 ," 11,287.50 "
10-09-2018, 35.77 ," 11,438.10 "
07-09-2018, 39.72 ," 11,589.10 "
06-09-2018, 40.92 ," 11,536.90 "
05-09-2018, 41.50 ," 11,476.95 "
04-09-2018, 43.21 ," 11,520.30 "
03-09-2018, 53.69 ," 11,582.35 "
31-08-2018, 64.10 ," 11,680.50 "
30-08-2018, 67.23 ," 11,676.80 "
29-08-2018, 62.95 ," 11,691.90 "
28-08-2018, 61.61 ," 11,738.50 "
27-08-2018, 61.48 ," 11,691.95 "
24-08-2018, 57.86 ," 11,557.10 "
23-08-2018, 57.10 ," 11,582.75 "
21-08-2018, 57.09 ," 11,570.90 "
20-08-2018, 56.74 ," 11,551.75 "
17-08-2018, 60.36 ," 11,470.75 "
16-08-2018, 54.96 ," 11,385.05 "
14-08-2018, 56.23 ," 11,435.10 "
13-08-2018, 55.54 ," 11,355.75 "
10-08-2018, 64.33 ," 11,429.50 "
09-08-2018, 74.37 ," 11,470.70 "
08-08-2018, 78.83 ," 11,450.00 "
07-08-2018, 64.49 ," 11,389.45 "
06-08-2018, 71.14 ," 11,387.10 "
03-08-2018, 79.33 ," 11,360.80 "
02-08-2018, 76.44 ," 11,244.70 "
01-08-2018, 72.84 ," 11,346.20 "
31-07-2018, 75.52 ," 11,356.50 "
30-07-2018, 81.28 ," 11,319.55 "
27-07-2018, 71.48 ," 11,278.35 "
26-07-2018, 66.25 ," 11,167.30 "
25-07-2018, 70.86 ," 11,132.00 "
24-07-2018, 73.01 ," 11,134.30 "
23-07-2018, 65.95 ," 11,084.75 "
20-07-2018, 58.23 ," 11,010.20 "
19-07-2018, 55.53 ," 10,957.10 "
18-07-2018, 63.07 ," 10,980.45 "
17-07-2018, 61.62 ," 11,008.05 "
16-07-2018, 59.02 ," 10,936.85 "
13-07-2018, 68.66 ," 11,018.90 "
12-07-2018, 70.97 ," 11,023.20 "
11-07-2018, 63.25 ," 10,948.30 "
10-07-2018, 64.35 ," 10,947.25 "
09-07-2018, 50.56 ," 10,852.90 "
06-07-2018, 38.76 ," 10,772.65 "
05-07-2018, 33.31 ," 10,749.75 "
04-07-2018, 37.32 ," 10,769.90 "
03-07-2018, 40.24 ," 10,699.90 "
02-07-2018, 42.21 ," 10,657.30 "
29-06-2018, 40.55 ," 10,714.30 "
28-06-2018, 28.79 ," 10,589.10 "
27-06-2018, 39.16 ," 10,671.40 "
26-06-2018, 48.65 ," 10,769.15 "
25-06-2018, 54.73 ," 10,762.45 "
22-06-2018, 58.15 ," 10,821.85 "
21-06-2018, 57.46 ," 10,741.10 "
20-06-2018, 54.19 ," 10,772.05 "
19-06-2018, 53.53 ," 10,710.45 "
18-06-2018, 53.52 ," 10,799.85 "
15-06-2018, 47.46 ," 10,817.70 "
14-06-2018, 56.53 ," 10,808.05 "
13-06-2018, 62.05 ," 10,856.70 "
12-06-2018, 61.95 ," 10,842.85 "
11-06-2018, 57.48 ," 10,786.95 "
08-06-2018, 61.76 ," 10,767.65 "
07-06-2018, 64.93 ," 10,768.35 "
06-06-2018, 59.68 ," 10,684.65 "
05-06-2018, 51.42 ," 10,593.15 "
04-06-2018, 51.60 ," 10,628.50 "
01-06-2018, 54.99 ," 10,696.20 "
31-05-2018, 57.32 ," 10,736.15 "
30-05-2018, 60.08 ," 10,614.35 "
29-05-2018, 67.39 ," 10,633.30 "
28-05-2018, 67.58 ," 10,688.65 "
25-05-2018, 56.43 ," 10,605.15 "
24-05-2018, 45.48 ," 10,513.85 "
23-05-2018, 51.34 ," 10,430.35 "
22-05-2018, 56.86 ," 10,536.70 "
21-05-2018, 53.85 ," 10,516.70 "
18-05-2018, 61.51 ," 10,596.40 "
17-05-2018, 62.57 ," 10,682.70 "
16-05-2018, 57.54 ," 10,741.10 "
15-05-2018, 59.02 ," 10,801.85 "
14-05-2018, 59.99 ," 10,806.60 "
11-05-2018, 58.29 ," 10,806.50 "
10-05-2018, 63.46 ," 10,716.55 "
09-05-2018, 71.38 ," 10,741.70 "
08-05-2018, 68.43 ," 10,717.80 "
07-05-2018, 78.19 ," 10,715.50 "
04-05-2018, 78.04 ," 10,618.25 "
03-05-2018, 79.11 ," 10,679.65 "
02-05-2018, 79.13 ," 10,718.05 "
30-04-2018, 80.49 ," 10,739.35 "
27-04-2018, 83.16 ," 10,692.30 "
26-04-2018, 64.17 ," 10,617.80 "
25-04-2018, 64.00 ," 10,570.55 "
24-04-2018, 62.07 ," 10,614.35 "
23-04-2018, 63.29 ," 10,584.70 "
20-04-2018, 58.67 ," 10,564.05 "
19-04-2018, 62.10 ," 10,565.30 "
18-04-2018, 60.63 ," 10,526.20 "
17-04-2018, 56.54 ," 10,548.70 "
16-04-2018, 56.88 ," 10,528.35 "
13-04-2018, 57.62 ," 10,480.60 "
12-04-2018, 50.96 ," 10,458.65 "
11-04-2018, 53.72 ," 10,417.15 "
10-04-2018, 57.39 ," 10,402.25 "
09-04-2018, 56.37 ," 10,379.35 "
06-04-2018, 60.90 ," 10,331.60 "
05-04-2018, 48.69 ," 10,325.15 "
04-04-2018, 43.82 ," 10,128.40 "
03-04-2018, 46.71 ," 10,245.00 "
02-04-2018, 30.45 ," 10,211.80 "
28-03-2018, 27.96 ," 10,113.70 "
27-03-2018, 33.89 ," 10,184.15 "
26-03-2018, 24.30 ," 10,130.65 "
23-03-2018, 23.77 ," 9,998.05 "
22-03-2018, 32.96 ," 10,114.75 "
21-03-2018, 36.37 ," 10,155.25 "
20-03-2018, 32.16 ," 10,124.35 "
19-03-2018, 24.84 ," 10,094.25 "
16-03-2018, 39.90 ," 10,195.15 "
15-03-2018, 47.02 ," 10,360.15 "
14-03-2018, 50.67 ," 10,410.90 "
13-03-2018, 47.24 ," 10,426.85 "
12-03-2018, 37.43 ," 10,421.40 "
09-03-2018, 31.42 ," 10,226.85 "
08-03-2018, 31.41 ," 10,242.65 "
07-03-2018, 31.33 ," 10,154.20 "
06-03-2018, 30.11 ," 10,249.25 "
05-03-2018, 34.86 ," 10,358.85 "
01-03-2018, 39.51 ," 10,458.35 "
28-02-2018, 37.73 ," 10,492.85 "
27-02-2018, 32.65 ," 10,554.30 "
26-02-2018, 35.46 ," 10,582.60 "
23-02-2018, 29.07 ," 10,491.05 "
22-02-2018, 23.96 ," 10,382.70 "
21-02-2018, 24.59 ," 10,397.45 "
20-02-2018, 18.17 ," 10,360.40 "
19-02-2018, 14.29 ," 10,378.40 "
16-02-2018, 15.00 ," 10,452.30 "
15-02-2018, 15.00 ," 10,545.50 "
14-02-2018, 17.69 ," 10,500.90 "
12-02-2018, 22.47 ," 10,539.75 "
09-02-2018, 26.49 ," 10,454.95 "
08-02-2018, 22.64 ," 10,576.85 "
07-02-2018, 21.32 ," 10,476.70 "
06-02-2018, 37.08 ," 10,498.25 "
05-02-2018, 48.44 ," 10,666.55 "
02-02-2018, 51.53 ," 10,760.60 "
01-02-2018, 54.96 ," 11,016.90 "
31-01-2018, 54.44 ," 11,027.70 "
30-01-2018, 54.94 ," 11,049.65 "
29-01-2018, 48.74 ," 11,130.40 "
25-01-2018, 43.66 ," 11,069.65 "
24-01-2018, 45.57 ," 11,086.00 "
23-01-2018, 51.03 ," 11,083.70 "
22-01-2018, 51.07 ," 10,966.20 "
19-01-2018, 53.14 ," 10,894.70 "
18-01-2018, 57.60 ," 10,817.00 "
17-01-2018, 53.15 ," 10,788.55 "
16-01-2018, 50.78 ," 10,700.45 "
15-01-2018, 55.36 ," 10,741.55 "
12-01-2018, 48.14 ," 10,681.25 "
11-01-2018, 52.33 ," 10,651.20 "
10-01-2018, 56.72 ," 10,632.20 "
09-01-2018, 52.01 ," 10,637.00 "
08-01-2018, 56.67 ," 10,623.60 "
05-01-2018, 58.34 ," 10,558.85 "
04-01-2018, 53.38 ," 10,504.80 "
03-01-2018, 47.51 ," 10,443.20 "
02-01-2018, 44.80 ," 10,442.20 "
01-01-2018, 60.66 ," 10,435.55 "
29-12-2017, 68.60 ," 10,530.70 "
28-12-2017, 61.62 ," 10,477.90 "
27-12-2017, 57.70 ," 10,490.75 "
26-12-2017, 53.74 ," 10,531.50 "
22-12-2017, 54.60 ," 10,493.00 "
21-12-2017, 61.48 ," 10,440.30 "
20-12-2017, 62.85 ," 10,444.20 "
19-12-2017, 52.69 ," 10,463.20 "
18-12-2017, 38.91 ," 10,388.75 "
15-12-2017, 34.68 ," 10,333.25 "
14-12-2017, 26.61 ," 10,252.10 "
13-12-2017, 25.31 ," 10,192.95 "
12-12-2017, 32.26 ," 10,240.15 "
11-12-2017, 39.92 ," 10,322.25 "
08-12-2017, 42.53 ," 10,265.65 "
07-12-2017, 29.46 ," 10,166.70 "
06-12-2017, 20.94 ," 10,044.10 "
05-12-2017, 29.75 ," 10,118.25 "
04-12-2017, 35.90 ," 10,127.75 "
01-12-2017, 45.83 ," 10,121.80 "
30-11-2017, 56.93 ," 10,226.55 "
29-11-2017, 56.01 ," 10,361.30 "
28-11-2017, 58.55 ," 10,370.25 "
27-11-2017, 58.69 ," 10,399.55 "
24-11-2017, 54.08 ," 10,389.70 "
23-11-2017, 44.28 ," 10,348.75 "
22-11-2017, 44.56 ," 10,342.30 "
21-11-2017, 42.51 ," 10,326.90 "
20-11-2017, 38.22 ," 10,298.75 "
17-11-2017, 35.07 ," 10,283.60 "
16-11-2017, 31.30 ," 10,214.75 "
15-11-2017, 26.27 ," 10,118.05 "
14-11-2017, 30.18 ," 10,186.60 "
13-11-2017, 35.11 ," 10,224.95 "
09-11-2017, 40.12 ," 10,308.95 "
08-11-2017, 39.33 ," 10,303.15 "
07-11-2017, 53.02 ," 10,350.15 "
06-11-2017, 70.21 ," 10,451.80 "
03-11-2017, 73.54 ," 10,452.50 "
02-11-2017, 73.68 ," 10,423.80 "
01-11-2017, 74.46 ," 10,440.50 "
31-10-2017, 73.82 ," 10,335.30 "
30-10-2017, 69.17 ," 10,363.65 "
27-10-2017, 62.74 ," 10,323.05 "
26-10-2017, 66.57 ," 10,343.80 "
25-10-2017, 68.48 ," 10,295.35 "
24-10-2017, 63.66 ," 10,207.70 "
23-10-2017, 59.69 ," 10,184.85 "
18-10-2017, 62.92 ," 10,210.85 "
17-10-2017, 62.91 ," 10,234.45 "
16-10-2017, 61.32 ," 10,230.85 "
13-10-2017, 62.89 ," 10,167.45 "
12-10-2017, 54.06 ," 10,096.40 "
11-10-2017, 51.12 ," 9,984.80 "
10-10-2017, 49.90 ," 10,016.95 "
09-10-2017, 50.28 ," 9,988.75 "
06-10-2017, 49.38 ," 9,979.70 "
05-10-2017, 45.44 ," 9,888.70 "
04-10-2017, 40.60 ," 9,914.90 "
03-10-2017, 33.71 ," 9,859.50 "
29-09-2017, 34.86 ," 9,788.60 "
28-09-2017, 26.65 ," 9,768.95 "
27-09-2017, 22.93 ," 9,735.75 "
26-09-2017, 29.17 ," 9,871.50 "
25-09-2017, 32.33 ," 9,872.60 "
22-09-2017, 45.23 ," 9,964.40 "
21-09-2017, 59.71 ," 10,121.90 "
20-09-2017, 59.65 ," 10,141.15 "
19-09-2017, 53.60 ," 10,147.55 "
18-09-2017, 46.35 ," 10,153.10 "
15-09-2017, 46.27 ," 10,085.40 "
14-09-2017, 48.18 ," 10,086.60 "
13-09-2017, 51.23 ," 10,079.30 "
12-09-2017, 51.35 ," 10,093.05 "
11-09-2017, 39.31 ," 10,006.05 "
08-09-2017, 35.47 ," 9,934.80 "
07-09-2017, 39.00 ," 9,929.90 "
06-09-2017, 40.24 ," 9,916.20 "
05-09-2017, 34.44 ," 9,952.20 "
04-09-2017, 37.83 ," 9,912.85 "
01-09-2017, 41.28 ," 9,974.40 "
31-08-2017, 39.16 ," 9,917.90 "
30-08-2017, 30.30 ," 9,884.40 "
29-08-2017, 29.63 ," 9,796.05 "
28-08-2017, 38.23 ," 9,912.80 "
24-08-2017, 32.89 ," 9,857.05 "
23-08-2017, 22.50 ," 9,852.50 "
22-08-2017, 15.06 ," 9,765.55 "
21-08-2017, 15.00 ," 9,754.35 "
18-08-2017, 15.29 ," 9,837.40 "
17-08-2017, 17.95 ," 9,904.15 "
16-08-2017, 23.51 ," 9,897.30 "
14-08-2017, 22.13 ," 9,794.15 "
11-08-2017, 18.12 ," 9,710.80 "
10-08-2017, 25.82 ," 9,820.25 "
09-08-2017, 36.05 ," 9,908.05 "
08-08-2017, 43.57 ," 9,978.55 "
07-08-2017, 49.23 ," 10,057.40 "
04-08-2017, 45.12 ," 10,066.40 "
03-08-2017, 38.46 ," 10,013.65 "
02-08-2017, 44.21 ," 10,081.50 "
01-08-2017, 47.16 ," 10,114.65 "
31-07-2017, 43.87 ," 10,077.10 "
28-07-2017, 43.07 ," 10,014.50 "
27-07-2017, 47.57 ," 10,020.55 "
26-07-2017, 52.81 ," 10,020.65 "
25-07-2017, 49.56 ," 9,964.55 "
24-07-2017, 50.01 ," 9,966.40 "
21-07-2017, 50.37 ," 9,915.25 "
20-07-2017, 51.89 ," 9,873.30 "
19-07-2017, 45.18 ," 9,899.60 "
18-07-2017, 38.68 ," 9,827.15 "
17-07-2017, 45.42 ," 9,915.95 "
14-07-2017, 48.99 ," 9,886.35 "
13-07-2017, 49.79 ," 9,891.70 "
12-07-2017, 48.60 ," 9,816.10 "
11-07-2017, 51.90 ," 9,786.05 "
10-07-2017, 55.71 ," 9,771.05 "
07-07-2017, 57.10 ," 9,665.80 "
06-07-2017, 58.87 ," 9,674.55 "
05-07-2017, 49.24 ," 9,637.60 "
04-07-2017, 41.34 ," 9,613.30 "
03-07-2017, 37.95 ," 9,615.00 "
30-06-2017, 36.85 ," 9,520.90 "
29-06-2017, 35.89 ," 9,504.10 "
28-06-2017, 34.50 ," 9,491.25 "
27-06-2017, 43.04 ," 9,511.40 "
23-06-2017, 50.18 ," 9,574.95 "
22-06-2017, 57.07 ," 9,630.00 "
21-06-2017, 63.23 ," 9,633.60 "
20-06-2017, 59.80 ," 9,653.50 "
19-06-2017, 52.81 ," 9,657.55 "
16-06-2017, 54.24 ," 9,588.05 "
15-06-2017, 59.86 ," 9,578.05 "
14-06-2017, 59.51 ," 9,618.15 "
13-06-2017, 54.30 ," 9,606.90 "
12-06-2017, 56.91 ," 9,616.40 "
09-06-2017, 56.18 ," 9,668.25 "
08-06-2017, 58.34 ," 9,647.25 "
07-06-2017, 59.64 ," 9,663.90 "
06-06-2017, 54.13 ," 9,637.15 "
05-06-2017, 60.72 ," 9,675.10 "
02-06-2017, 60.58 ," 9,653.50 "
01-06-2017, 46.76 ," 9,616.10 "
31-05-2017, 38.51 ," 9,621.25 "
30-05-2017, 31.69 ," 9,624.55 "
29-05-2017, 30.89 ," 9,604.90 "
26-05-2017, 33.47 ," 9,595.10 "
25-05-2017, 22.32 ," 9,509.75 "
24-05-2017, 15.00 ," 9,360.55 "
23-05-2017, 16.39 ," 9,386.15 "
22-05-2017, 26.89 ," 9,438.25 "
19-05-2017, 31.91 ," 9,427.90 "
18-05-2017, 37.58 ," 9,429.45 "
17-05-2017, 48.88 ," 9,525.75 "
16-05-2017, 44.49 ," 9,512.25 "
15-05-2017, 37.48 ," 9,445.40 "
12-05-2017, 39.89 ," 9,400.90 "
11-05-2017, 48.88 ," 9,422.40 "
10-05-2017, 53.16 ," 9,407.30 "
09-05-2017, 51.49 ," 9,316.85 "
08-05-2017, 41.38 ," 9,314.05 "
05-05-2017, 44.85 ," 9,285.30 "
04-05-2017, 53.44 ," 9,359.90 "
03-05-2017, 49.32 ," 9,311.95 "
02-05-2017, 53.54 ," 9,313.80 "
28-04-2017, 54.99 ," 9,304.05 "
27-04-2017, 49.92 ," 9,342.15 "
26-04-2017, 53.33 ," 9,351.85 "
25-04-2017, 57.78 ," 9,306.60 "
24-04-2017, 51.92 ," 9,217.95 "
21-04-2017, 48.13 ," 9,119.40 "
20-04-2017, 47.57 ," 9,136.40 "
19-04-2017, 40.01 ," 9,103.50 "
18-04-2017, 42.18 ," 9,105.15 "
17-04-2017, 51.10 ," 9,139.30 "
13-04-2017, 54.53 ," 9,150.80 "
12-04-2017, 61.28 ," 9,203.45 "
11-04-2017, 64.75 ," 9,237.00 "
10-04-2017, 57.14 ," 9,181.45 "
07-04-2017, 58.63 ," 9,198.30 "
06-04-2017, 71.72 ," 9,261.95 "
05-04-2017, 69.30 ," 9,265.15 "
03-04-2017, 58.32 ," 9,237.85 "
31-03-2017, 58.55 ," 9,173.75 "
30-03-2017, 67.58 ," 9,173.75 "
29-03-2017, 68.05 ," 9,143.80 "
28-03-2017, 64.80 ," 9,100.80 "
27-03-2017, 69.07 ," 9,045.20 "
24-03-2017, 74.26 ," 9,108.00 "
23-03-2017, 69.64 ," 9,086.30 "
22-03-2017, 70.99 ," 9,030.45 "
21-03-2017, 75.37 ," 9,121.50 "
20-03-2017, 78.56 ," 9,126.85 "
17-03-2017, 46.07 ," 9,160.05 "
16-03-2017, 85.00 ," 9,153.70 "
15-03-2017, 79.06 ," 9,084.80 "
14-03-2017, 67.77 ," 9,087.00 "
10-03-2017, 61.07 ," 8,934.55 "
09-03-2017, 59.00 ," 8,927.00 "
08-03-2017, 62.87 ," 8,924.30 "
07-03-2017, 73.83 ," 8,946.90 "
06-03-2017, 78.90 ," 8,963.45 "
03-03-2017, 70.09 ," 8,897.55 "
02-03-2017, 65.50 ," 8,899.75 "
01-03-2017, 67.81 ," 8,945.80 "
28-02-2017, 65.47 ," 8,879.60 "
27-02-2017, 65.55 ," 8,896.70 "
23-02-2017, 67.15 ," 8,939.50 "
22-02-2017, 67.84 ," 8,926.90 "
21-02-2017, 70.54 ," 8,907.85 "
20-02-2017, 71.82 ," 8,879.20 "
17-02-2017, 68.15 ," 8,821.70 "
16-02-2017, 63.44 ," 8,778.00 "
15-02-2017, 66.23 ," 8,724.70 "
14-02-2017, 69.33 ," 8,792.30 "
13-02-2017, 67.48 ," 8,805.05 "
10-02-2017, 71.36 ," 8,793.55 "
09-02-2017, 77.96 ," 8,778.40 "
08-02-2017, 76.12 ," 8,769.05 "
07-02-2017, 76.14 ," 8,768.30 "
06-02-2017, 79.02 ," 8,801.05 "
03-02-2017, 81.02 ," 8,740.95 "
02-02-2017, 83.36 ," 8,734.25 "
01-02-2017, 74.12 ," 8,716.40 "
31-01-2017, 71.33 ," 8,561.30 "
30-01-2017, 75.03 ," 8,632.75 "
27-01-2017, 76.38 ," 8,641.25 "
25-01-2017, 78.38 ," 8,602.75 "
24-01-2017, 74.47 ," 8,475.80 "
23-01-2017, 70.88 ," 8,391.50 "
20-01-2017, 73.74 ," 8,349.35 "
19-01-2017, 77.68 ," 8,435.10 "
18-01-2017, 73.52 ," 8,417.00 "
17-01-2017, 73.43 ," 8,398.00 "
16-01-2017, 72.78 ," 8,412.80 "
13-01-2017, 75.48 ," 8,400.35 "
12-01-2017, 82.80 ," 8,407.20 "
11-01-2017, 78.43 ," 8,380.65 "
10-01-2017, 75.74 ," 8,288.60 "
09-01-2017, 74.66 ," 8,236.05 "
06-01-2017, 73.61 ," 8,243.80 "
05-01-2017, 68.87 ," 8,273.80 "
04-01-2017, 59.46 ," 8,190.50 "
03-01-2017, 54.88 ," 8,192.25 "
02-01-2017, 50.27 ," 8,179.50 "
30-12-2016, 47.22 ," 8,185.80 "
29-12-2016, 42.84 ," 8,103.60 "
28-12-2016, 43.53 ," 8,034.85 "
27-12-2016, 39.32 ," 8,032.85 "
26-12-2016, 33.96 ," 7,908.25 "
23-12-2016, 38.61 ," 7,985.75 "
22-12-2016, 48.16 ," 7,979.10 "
21-12-2016, 50.34 ," 8,061.30 "
20-12-2016, 49.64 ," 8,082.40 "
19-12-2016, 52.05 ," 8,104.35 "
16-12-2016, 46.27 ," 8,139.45 "
15-12-2016, 42.36 ," 8,153.60 "
14-12-2016, 45.06 ," 8,182.45 "
13-12-2016, 46.21 ," 8,221.80 "
12-12-2016, 50.83 ," 8,170.80 "
09-12-2016, 50.37 ," 8,261.75 "
08-12-2016, 39.22 ," 8,246.85 "
07-12-2016, 39.76 ," 8,102.05 "
06-12-2016, 41.04 ," 8,143.15 "
05-12-2016, 31.73 ," 8,128.75 "
02-12-2016, 31.31 ," 8,086.80 "
01-12-2016, 34.39 ," 8,192.90 "
30-11-2016, 29.93 ," 8,224.50 "
29-11-2016, 26.35 ," 8,142.15 "
28-11-2016, 26.21 ," 8,126.90 "
25-11-2016, 21.99 ," 8,114.30 "
24-11-2016, 15.76 ," 7,965.50 "
23-11-2016, 15.76 ," 8,033.30 "
22-11-2016, 15.00 ," 8,002.30 "
21-11-2016, 19.06 ," 7,929.10 "
18-11-2016, 23.08 ," 8,074.10 "
17-11-2016, 19.01 ," 8,079.95 "
16-11-2016, 18.68 ," 8,111.60 "
15-11-2016, 18.68 ," 8,108.45 "
11-11-2016, 21.71 ," 8,296.30 "
10-11-2016, 21.71 ," 8,525.75 "
09-11-2016, 18.71 ," 8,432.00 "
08-11-2016, 19.63 ," 8,543.55 "
07-11-2016, 15.92 ," 8,497.05 "
04-11-2016, 16.73 ," 8,433.75 "
03-11-2016, 16.73 ," 8,484.95 "
02-11-2016, 20.09 ," 8,514.00 "
01-11-2016, 28.67 ," 8,626.25 "
30-10-2016, 31.47 ," 8,625.70 "
28-10-2016, 31.60 ," 8,638.00 "
27-10-2016, 28.89 ," 8,615.25 "
26-10-2016, 30.68 ," 8,615.25 "
25-10-2016, 33.22 ," 8,691.30 "
24-10-2016, 32.40 ," 8,708.95 "
21-10-2016, 37.28 ," 8,693.05 "
20-10-2016, 35.91 ," 8,699.40 "
19-10-2016, 38.41 ," 8,659.10 "
18-10-2016, 38.85 ," 8,677.90 "
17-10-2016, 32.33 ," 8,520.40 "
14-10-2016, 28.46 ," 8,583.40 "
13-10-2016, 31.64 ," 8,573.35 "
10-10-2016, 38.19 ," 8,708.80 "
07-10-2016, 34.92 ," 8,697.60 "
06-10-2016, 38.96 ," 8,709.55 "
05-10-2016, 45.84 ," 8,743.95 "
04-10-2016, 39.36 ," 8,769.15 "
03-10-2016, 30.09 ," 8,738.10 "
30-09-2016, 21.11 ," 8,611.15 "
29-09-2016, 35.09 ," 8,591.25 "
28-09-2016, 44.68 ," 8,745.15 "
27-09-2016, 30.29 ," 8,706.40 "
26-09-2016, 32.50 ," 8,723.05 "
23-09-2016, 48.82 ," 8,831.55 "
22-09-2016, 47.21 ," 8,867.45 "
21-09-2016, 36.13 ," 8,777.15 "
20-09-2016, 40.42 ," 8,775.90 "
19-09-2016, 37.61 ," 8,808.40 "
16-09-2016, 31.83 ," 8,779.85 "
15-09-2016, 36.33 ," 8,742.55 "
14-09-2016, 39.29 ," 8,726.60 "
12-09-2016, 46.59 ," 8,715.60 "
09-09-2016, 63.34 ," 8,866.70 "
08-09-2016, 72.15 ," 8,952.50 "
07-09-2016, 71.17 ," 8,917.95 "
06-09-2016, 69.47 ," 8,943.00 "
02-09-2016, 62.34 ," 8,809.65 "
01-09-2016, 62.32 ," 8,774.65 "
31-08-2016, 67.55 ," 8,786.20 "
30-08-2016, 58.01 ," 8,744.35 "
29-08-2016, 51.31 ," 8,607.45 "
26-08-2016, 47.71 ," 8,572.55 "
25-08-2016, 45.71 ," 8,592.20 "
24-08-2016, 48.65 ," 8,650.30 "
23-08-2016, 52.39 ," 8,632.60 "
22-08-2016, 65.45 ," 8,629.15 "
19-08-2016, 72.14 ," 8,666.90 "
18-08-2016, 66.77 ," 8,673.25 "
17-08-2016, 64.64 ," 8,624.05 "
16-08-2016, 69.55 ," 8,642.55 "
12-08-2016, 66.89 ," 8,672.15 "
11-08-2016, 57.93 ," 8,592.15 "
10-08-2016, 64.21 ," 8,575.30 "
09-08-2016, 74.91 ," 8,678.25 "
08-08-2016, 79.50 ," 8,711.35 "
05-08-2016, 70.64 ," 8,683.15 "
04-08-2016, 54.35 ," 8,551.10 "
03-08-2016, 57.20 ," 8,544.85 "
02-08-2016, 68.14 ," 8,622.90 "
01-08-2016, 69.57 ," 8,636.55 "
29-07-2016, 70.11 ," 8,638.50 "
28-07-2016, 76.10 ," 8,666.30 "
27-07-2016, 74.88 ," 8,615.80 "
26-07-2016, 75.05 ," 8,590.65 "
25-07-2016, 80.38 ," 8,635.65 "
22-07-2016, 79.96 ," 8,541.20 "
21-07-2016, 74.94 ," 8,510.10 "
20-07-2016, 74.72 ," 8,565.85 "
19-07-2016, 71.27 ," 8,528.55 "
18-07-2016, 67.86 ," 8,508.70 "
15-07-2016, 74.82 ," 8,541.40 "
14-07-2016, 73.52 ," 8,565.00 "
13-07-2016, 77.42 ," 8,519.50 "
12-07-2016, 79.61 ," 8,521.05 "
11-07-2016, 67.74 ," 8,467.90 "
08-07-2016, 65.50 ," 8,323.20 "
07-07-2016, 70.11 ," 8,337.90 "
05-07-2016, 71.86 ," 8,335.95 "
04-07-2016, 69.36 ," 8,370.70 "
01-07-2016, 68.24 ," 8,328.35 "
30-06-2016, 65.64 ," 8,287.75 "
29-06-2016, 55.34 ," 8,204.00 "
28-06-2016, 49.73 ," 8,127.85 "
27-06-2016, 44.67 ," 8,094.70 "
24-06-2016, 45.74 ," 8,088.60 "
23-06-2016, 46.93 ," 8,270.45 "
22-06-2016, 47.24 ," 8,203.70 "
21-06-2016, 56.19 ," 8,219.90 "
20-06-2016, 59.08 ," 8,238.50 "
17-06-2016, 51.76 ," 8,170.20 "
16-06-2016, 48.49 ," 8,140.75 "
15-06-2016, 52.90 ," 8,206.60 "
14-06-2016, 55.13 ," 8,108.85 "
13-06-2016, 61.57 ," 8,110.60 "
10-06-2016, 70.27 ," 8,170.05 "
09-06-2016, 77.21 ," 8,203.60 "
08-06-2016, 83.26 ," 8,273.05 "
07-06-2016, 83.08 ," 8,266.45 "
06-06-2016, 78.07 ," 8,201.05 "
03-06-2016, 80.00 ," 8,220.80 "
02-06-2016, 80.82 ," 8,218.95 "
01-06-2016, 75.72 ," 8,179.95 "
31-05-2016, 76.03 ," 8,160.10 "
30-05-2016, 78.20 ," 8,178.50 "
27-05-2016, 76.88 ," 8,156.65 "
26-05-2016, 67.31 ," 8,069.65 "
25-05-2016, 49.72 ," 7,934.90 "
24-05-2016, 40.65 ," 7,748.85 "
23-05-2016, 42.83 ," 7,731.05 "
20-05-2016, 41.12 ," 7,749.70 "
19-05-2016, 48.43 ," 7,783.40 "
18-05-2016, 59.79 ," 7,870.15 "
17-05-2016, 54.91 ," 7,890.75 "
16-05-2016, 47.93 ," 7,860.75 "
13-05-2016, 54.54 ," 7,814.90 "
12-05-2016, 54.76 ," 7,900.40 "
11-05-2016, 51.01 ," 7,848.85 "
10-05-2016, 56.35 ," 7,887.80 "
09-05-2016, 57.67 ," 7,866.05 "
06-05-2016, 56.97 ," 7,733.45 "
05-05-2016, 53.93 ," 7,735.50 "
04-05-2016, 51.52 ," 7,706.55 "
03-05-2016, 59.58 ," 7,747.00 "
02-05-2016, 68.39 ," 7,805.90 "
29-04-2016, 69.15 ," 7,849.80 "
28-04-2016, 72.26 ," 7,847.25 "
27-04-2016, 80.11 ," 7,979.90 "
26-04-2016, 76.34 ," 7,962.65 "
25-04-2016, 71.31 ," 7,855.05 "
22-04-2016, 72.90 ," 7,899.30 "
21-04-2016, 73.68 ," 7,912.05 "
20-04-2016, 74.31 ," 7,914.75 "
18-04-2016, 73.98 ," 7,914.70 "
13-04-2016, 71.51 ," 7,850.45 "
12-04-2016, 72.54 ," 7,708.95 "
11-04-2016, 73.77 ," 7,671.40 "
08-04-2016, 67.20 ," 7,555.20 "
07-04-2016, 69.30 ," 7,546.45 "
06-04-2016, 72.52 ," 7,614.35 "
05-04-2016, 73.08 ," 7,603.20 "
04-04-2016, 80.33 ," 7,758.80 "
01-04-2016, 84.11 ," 7,713.05 "
31-03-2016, 84.11 ," 7,738.40 "
30-03-2016, 78.34 ," 7,735.20 "
29-03-2016, 70.30 ," 7,597.00 "
28-03-2016, 76.71 ," 7,615.10 "
23-03-2016, 82.71 ," 7,716.50 "
22-03-2016, 81.40 ," 7,714.90 "
21-03-2016, 81.51 ," 7,704.25 "
18-03-2016, 78.64 ," 7,604.35 "
17-03-2016, 80.57 ," 7,512.55 "
16-03-2016, 85.00 ," 7,498.75 "
15-03-2016, 82.03 ," 7,460.60 "
14-03-2016, 78.03 ," 7,538.75 "
11-03-2016, 75.71 ," 7,510.20 "
10-03-2016, 74.54 ," 7,486.15 "
09-03-2016, 71.18 ," 7,531.80 "
08-03-2016, 68.73 ," 7,485.30 "
04-03-2016, 68.48 ," 7,485.35 "
03-03-2016, 65.80 ," 7,475.60 "
02-03-2016, 58.98 ," 7,368.85 "
01-03-2016, 43.62 ," 7,222.30 "
29-02-2016, 35.93 ," 6,987.05 "
26-02-2016, 29.00 ," 7,029.75 "
25-02-2016, 26.13 ," 6,970.60 "
24-02-2016, 32.92 ," 7,018.70 "
23-02-2016, 36.89 ," 7,109.55 "
22-02-2016, 39.20 ," 7,234.55 "
19-02-2016, 34.71 ," 7,210.75 "
18-02-2016, 40.50 ," 7,191.75 "
17-02-2016, 40.01 ," 7,108.45 "
16-02-2016, 38.14 ," 7,048.25 "
15-02-2016, 42.75 ," 7,162.95 "
12-02-2016, 31.46 ," 6,980.95 "
11-02-2016, 22.97 ," 6,976.35 "
10-02-2016, 22.79 ," 7,215.70 "
09-02-2016, 26.81 ," 7,298.20 "
08-02-2016, 37.10 ," 7,387.25 "
05-02-2016, 37.70 ," 7,489.10 "
04-02-2016, 23.84 ," 7,404.00 "
03-02-2016, 19.24 ," 7,361.80 "
02-02-2016, 24.92 ," 7,455.55 "
01-02-2016, 28.70 ," 7,555.95 "
29-01-2016, 29.04 ," 7,563.55 "
28-01-2016, 27.26 ," 7,424.65 "
27-01-2016, 28.13 ," 7,437.75 "
25-01-2016, 29.44 ," 7,436.15 "
22-01-2016, 30.65 ," 7,422.45 "
21-01-2016, 26.70 ," 7,276.80 "
20-01-2016, 25.47 ," 7,309.30 "
19-01-2016, 27.09 ," 7,435.10 "
18-01-2016, 20.84 ," 7,351.00 "
15-01-2016, 16.03 ," 7,437.80 "
14-01-2016, 22.12 ," 7,536.80 "
13-01-2016, 22.12 ," 7,562.40 "
12-01-2016, 17.78 ," 7,510.30 "
11-01-2016, 22.06 ," 7,563.85 "
08-01-2016, 19.86 ," 7,601.35 "
07-01-2016, 27.32 ," 7,568.30 "
06-01-2016, 48.02 ," 7,741.00 "
05-01-2016, 54.92 ," 7,784.65 "
04-01-2016, 62.05 ," 7,791.30 "
01-01-2016, 72.85 ," 7,963.20 "
31-12-2015, 68.06 ," 7,946.35 "
30-12-2015, 61.92 ," 7,896.25 "
29-12-2015, 60.99 ," 7,928.95 "
28-12-2015, 60.20 ," 7,925.15 "
24-12-2015, 58.72 ," 7,861.05 "
23-12-2015, 53.99 ," 7,865.95 "
22-12-2015, 59.68 ," 7,786.10 "
21-12-2015, 62.69 ," 7,834.45 "
18-12-2015, 57.91 ," 7,761.95 "
17-12-2015, 47.07 ," 7,844.35 "
16-12-2015, 27.21 ," 7,750.90 "
15-12-2015, 22.09 ," 7,700.90 "
14-12-2015, 21.34 ," 7,650.05 "
11-12-2015, 26.48 ," 7,610.45 "
10-12-2015, 32.73 ," 7,683.30 "
09-12-2015, 30.85 ," 7,612.50 "
08-12-2015, 32.59 ," 7,701.70 "
07-12-2015, 33.25 ," 7,765.40 "
04-12-2015, 45.72 ," 7,781.90 "
03-12-2015, 58.53 ," 7,864.15 "
02-12-2015, 61.40 ," 7,931.35 "
01-12-2015, 60.26 ," 7,954.90 "
30-11-2015, 58.81 ," 7,935.25 "
27-11-2015, 56.85 ," 7,942.70 "
26-11-2015, 51.79 ," 7,883.80 "
24-11-2015, 45.15 ," 7,831.60 "
23-11-2015, 41.18 ," 7,849.25 "
20-11-2015, 43.80 ," 7,856.55 "
19-11-2015, 40.99 ," 7,842.75 "
18-11-2015, 44.22 ," 7,731.80 "
17-11-2015, 50.51 ," 7,837.55 "
16-11-2015, 51.50 ," 7,806.60 "
13-11-2015, 57.01 ," 7,762.25 "
11-11-2015, 52.09 ," 7,783.35 "
10-11-2015, 48.46 ," 7,783.35 "
09-11-2015, 51.97 ," 7,915.20 "
06-11-2015, 47.31 ," 7,954.30 "
05-11-2015, 51.20 ," 7,955.45 "
04-11-2015, 54.82 ," 8,040.20 "
03-11-2015, 51.20 ," 8,060.70 "
02-11-2015, 57.07 ," 8,050.80 "
30-10-2015, 65.16 ," 8,065.80 "
29-10-2015, 63.59 ," 8,111.75 "
28-10-2015, 67.51 ," 8,171.20 "
27-10-2015, 71.00 ," 8,232.90 "
26-10-2015, 70.22 ," 8,260.55 "
23-10-2015, 69.94 ," 8,295.45 "
21-10-2015, 66.85 ," 8,251.70 "
20-10-2015, 67.89 ," 8,261.65 "
19-10-2015, 66.88 ," 8,275.05 "
16-10-2015, 66.91 ," 8,238.15 "
15-10-2015, 66.46 ," 8,179.50 "
14-10-2015, 67.32 ," 8,107.90 "
13-10-2015, 69.71 ," 8,131.70 "
12-10-2015, 68.79 ," 8,143.60 "
09-10-2015, 63.10 ," 8,189.70 "
08-10-2015, 59.39 ," 8,129.35 "
07-10-2015, 58.42 ," 8,177.40 "
06-10-2015, 57.52 ," 8,152.90 "
05-10-2015, 49.36 ," 8,119.30 "
01-10-2015, 39.74 ," 7,950.90 "
30-09-2015, 41.78 ," 7,948.90 "
29-09-2015, 35.66 ," 7,843.30 "
28-09-2015, 25.80 ," 7,795.70 "
24-09-2015, 29.60 ," 7,868.50 "
23-09-2015, 31.15 ," 7,845.95 "
22-09-2015, 34.39 ," 7,812.00 "
21-09-2015, 40.90 ," 7,977.10 "
18-09-2015, 42.92 ," 7,981.90 "
16-09-2015, 39.76 ," 7,899.15 "
15-09-2015, 35.15 ," 7,829.10 "
14-09-2015, 33.31 ," 7,872.25 "
11-09-2015, 26.09 ," 7,789.30 "
10-09-2015, 30.36 ," 7,788.10 "
09-09-2015, 38.20 ," 7,818.60 "
08-09-2015, 29.46 ," 7,688.25 "
07-09-2015, 17.48 ," 7,558.80 "
04-09-2015, 23.56 ," 7,655.05 "
03-09-2015, 23.56 ," 7,823.00 "
02-09-2015, 15.00 ," 7,717.00 "
01-09-2015, 15.63 ," 7,785.85 "
31-08-2015, 21.86 ," 7,971.30 "
28-08-2015, 29.80 ," 8,001.95 "
27-08-2015, 23.57 ," 7,948.95 "
26-08-2015, 16.83 ," 7,791.85 "
25-08-2015, 18.18 ," 7,880.70 "
24-08-2015, 24.02 ," 7,809.00 "
21-08-2015, 29.91 ," 8,299.95 "
20-08-2015, 35.14 ," 8,372.75 "
19-08-2015, 40.03 ," 8,495.15 "
18-08-2015, 41.14 ," 8,466.55 "
17-08-2015, 50.44 ," 8,477.30 "
14-08-2015, 46.59 ," 8,518.55 "
13-08-2015, 41.93 ," 8,355.85 "
12-08-2015, 48.81 ," 8,349.45 "
11-08-2015, 56.35 ," 8,462.35 "
10-08-2015, 64.91 ," 8,525.60 "
07-08-2015, 66.74 ," 8,564.60 "
06-08-2015, 70.53 ," 8,588.65 "
05-08-2015, 74.55 ," 8,567.95 "
04-08-2015, 76.60 ," 8,516.90 "
03-08-2015, 78.01 ," 8,543.05 "
31-07-2015, 75.80 ," 8,532.85 "
30-07-2015, 68.02 ," 8,421.80 "
29-07-2015, 62.70 ," 8,375.05 "
28-07-2015, 60.32 ," 8,337.00 "
27-07-2015, 69.14 ," 8,361.00 "
24-07-2015, 81.03 ," 8,521.55 "
23-07-2015, 83.32 ," 8,589.80 "
22-07-2015, 81.24 ," 8,633.50 "
21-07-2015, 76.03 ," 8,529.45 "
20-07-2015, 79.66 ," 8,603.45 "
17-07-2015, 84.87 ," 8,609.85 "
16-07-2015, 79.58 ," 8,608.05 "
15-07-2015, 76.72 ," 8,523.80 "
14-07-2015, 81.53 ," 8,454.10 "
13-07-2015, 73.85 ," 8,459.65 "
10-07-2015, 65.22 ," 8,360.55 "
09-07-2015, 61.16 ," 8,328.55 "
08-07-2015, 67.90 ," 8,363.05 "
07-07-2015, 81.05 ," 8,510.80 "
06-07-2015, 76.27 ," 8,522.15 "
03-07-2015, 72.46 ," 8,484.90 "
02-07-2015, 78.60 ," 8,444.90 "
01-07-2015, 76.29 ," 8,453.05 "
30-06-2015, 66.27 ," 8,368.50 "
29-06-2015, 70.54 ," 8,318.40 "
26-06-2015, 77.75 ," 8,381.10 "
25-06-2015, 69.05 ," 8,398.00 "
24-06-2015, 59.86 ," 8,360.85 "
23-06-2015, 61.61 ," 8,381.55 "
22-06-2015, 58.56 ," 8,353.10 "
19-06-2015, 48.16 ," 8,224.95 "
18-06-2015, 46.29 ," 8,174.60 "
17-06-2015, 41.34 ," 8,091.55 "
16-06-2015, 32.86 ," 8,047.30 "
15-06-2015, 32.49 ," 8,013.90 "
12-06-2015, 28.83 ," 7,982.90 "
11-06-2015, 34.19 ," 7,965.35 "
10-06-2015, 39.73 ," 8,124.45 "
09-06-2015, 32.42 ," 8,022.40 "
08-06-2015, 29.27 ," 8,044.15 "
05-06-2015, 34.00 ," 8,114.70 "
04-06-2015, 34.47 ," 8,130.65 "
03-06-2015, 30.30 ," 8,135.10 "
02-06-2015, 37.95 ," 8,236.45 "
01-06-2015, 49.59 ," 8,433.40 "
29-05-2015, 45.07 ," 8,433.65 "
28-05-2015, 39.29 ," 8,319.00 "
27-05-2015, 45.99 ," 8,334.60 "
26-05-2015, 45.36 ," 8,339.35 "
25-05-2015, 38.38 ," 8,370.25 "
22-05-2015, 39.10 ," 8,458.95 "
21-05-2015, 37.91 ," 8,421.00 "
20-05-2015, 31.27 ," 8,423.25 "
19-05-2015, 31.88 ," 8,365.65 "
18-05-2015, 30.60 ," 8,373.65 "
15-05-2015, 32.96 ," 8,262.35 "
14-05-2015, 33.31 ," 8,224.20 "
13-05-2015, 22.46 ," 8,235.45 "
12-05-2015, 25.74 ," 8,126.95 "
11-05-2015, 29.33 ," 8,325.25 "
08-05-2015, 20.02 ," 8,191.50 "
07-05-2015, 15.68 ," 8,057.30 "
06-05-2015, 22.11 ," 8,097.00 "
05-05-2015, 28.39 ," 8,324.80 "
04-05-2015, 24.80 ," 8,331.95 "
30-04-2015, 18.24 ," 8,181.50 "
29-04-2015, 18.36 ," 8,239.75 "
28-04-2015, 17.97 ," 8,285.60 "
27-04-2015, 18.74 ," 8,213.80 "
24-04-2015, 20.65 ," 8,305.25 "
23-04-2015, 22.46 ," 8,398.30 "
22-04-2015, 24.99 ," 8,429.70 "
21-04-2015, 23.99 ," 8,377.75 "
20-04-2015, 29.38 ," 8,448.10 "
17-04-2015, 35.77 ," 8,606.00 "
16-04-2015, 43.45 ," 8,706.70 "
15-04-2015, 49.13 ," 8,750.20 "
13-04-2015, 48.05 ," 8,834.00 "
10-04-2015, 49.12 ," 8,780.35 "
09-04-2015, 43.60 ," 8,778.30 "
08-04-2015, 37.76 ," 8,714.40 "
07-04-2015, 37.75 ," 8,660.30 "
06-04-2015, 32.86 ," 8,659.90 "
01-04-2015, 25.32 ," 8,586.25 "
31-03-2015, 27.16 ," 8,491.00 "
30-03-2015, 29.83 ," 8,492.30 "
27-03-2015, 21.04 ," 8,341.40 "
26-03-2015, 19.46 ," 8,342.15 "
25-03-2015, 24.95 ," 8,530.80 "
24-03-2015, 26.31 ," 8,542.95 "
23-03-2015, 25.81 ," 8,550.90 "
20-03-2015, 26.45 ," 8,570.90 "
19-03-2015, 35.12 ," 8,634.65 "
18-03-2015, 42.84 ," 8,685.90 "
17-03-2015, 44.50 ," 8,723.30 "
16-03-2015, 43.26 ," 8,633.15 "
13-03-2015, 54.92 ," 8,647.75 "
12-03-2015, 61.43 ," 8,776.00 "
11-03-2015, 50.75 ," 8,699.95 "
10-03-2015, 50.65 ," 8,712.05 "
09-03-2015, 59.39 ," 8,756.75 "
05-03-2015, 62.49 ," 8,937.75 "
04-03-2015, 61.81 ," 8,922.65 "
03-03-2015, 65.59 ," 8,996.25 "
02-03-2015, 67.47 ," 8,956.75 "
28-02-2015, 67.03 ," 8,901.85 "
27-02-2015, 55.43 ," 8,844.60 "
26-02-2015, 49.92 ," 8,683.85 "
25-02-2015, 57.78 ," 8,767.25 "
24-02-2015, 55.06 ," 8,762.10 "
23-02-2015, 57.66 ," 8,754.95 "
20-02-2015, 67.32 ," 8,833.60 "
19-02-2015, 72.40 ," 8,895.30 "
18-02-2015, 73.03 ," 8,869.10 "
16-02-2015, 66.49 ," 8,809.35 "
13-02-2015, 59.65 ," 8,805.50 "
12-02-2015, 55.67 ," 8,711.55 "
11-02-2015, 51.01 ," 8,627.40 "
10-02-2015, 47.18 ," 8,565.55 "
09-02-2015, 52.75 ," 8,526.35 "
06-02-2015, 53.79 ," 8,661.05 "
05-02-2015, 57.22 ," 8,711.70 "
04-02-2015, 63.78 ," 8,723.70 "
03-02-2015, 65.16 ," 8,756.55 "
02-02-2015, 65.78 ," 8,797.40 "
30-01-2015, 65.28 ," 8,808.90 "
29-01-2015, 68.93 ," 8,952.35 "
28-01-2015, 69.15 ," 8,914.30 "
27-01-2015, 65.22 ," 8,910.50 "
23-01-2015, 56.37 ," 8,835.60 "
22-01-2015, 51.08 ," 8,761.40 "
21-01-2015, 54.52 ," 8,729.50 "
20-01-2015, 51.00 ," 8,695.60 "
19-01-2015, 43.02 ," 8,550.70 "
16-01-2015, 44.86 ," 8,513.80 "
15-01-2015, 33.81 ," 8,494.15 "
14-01-2015, 22.42 ," 8,277.55 "
13-01-2015, 26.72 ," 8,299.40 "
12-01-2015, 26.22 ," 8,323.00 "
09-01-2015, 26.13 ," 8,284.50 "
08-01-2015, 23.38 ," 8,234.60 "
07-01-2015, 17.18 ," 8,102.10 "
06-01-2015, 26.21 ," 8,127.35 "
05-01-2015, 45.26 ," 8,378.40 "
02-01-2015, 50.10 ," 8,395.45 "
01-01-2015, 47.45 ," 8,284.00 "
31-12-2014, 41.73 ," 8,282.70 "
30-12-2014, 36.01 ," 8,248.25 "
29-12-2014, 40.36 ," 8,246.30 "
26-12-2014, 32.97 ," 8,200.70 "
24-12-2014, 22.41 ," 8,174.10 "
23-12-2014, 29.02 ," 8,267.00 "
22-12-2014, 26.75 ," 8,324.00 "
19-12-2014, 26.52 ," 8,225.20 "
18-12-2014, 35.47 ," 8,159.30 "
17-12-2014, 32.70 ," 8,029.80 "
16-12-2014, 33.50 ," 8,067.60 "
15-12-2014, 38.63 ," 8,219.60 "
12-12-2014, 45.16 ," 8,224.10 "
11-12-2014, 55.52 ," 8,292.90 "
10-12-2014, 56.55 ," 8,355.65 "
09-12-2014, 55.66 ," 8,340.70 "
08-12-2014, 63.61 ," 8,438.25 "
05-12-2014, 70.21 ," 8,538.30 "
04-12-2014, 73.14 ," 8,564.40 "
03-12-2014, 74.23 ," 8,537.65 "
02-12-2014, 69.25 ," 8,524.70 "
01-12-2014, 69.01 ," 8,555.90 "
28-11-2014, 69.06 ," 8,588.25 "
27-11-2014, 65.90 ," 8,494.20 "
26-11-2014, 56.87 ," 8,475.75 "
25-11-2014, 56.54 ," 8,463.10 "
24-11-2014, 63.20 ," 8,530.15 "
21-11-2014, 55.58 ," 8,477.35 "
20-11-2014, 46.59 ," 8,401.90 "
19-11-2014, 49.06 ," 8,382.30 "
18-11-2014, 58.48 ," 8,425.90 "
17-11-2014, 62.82 ," 8,430.75 "
14-11-2014, 62.56 ," 8,389.90 "
13-11-2014, 61.40 ," 8,357.85 "
12-11-2014, 60.31 ," 8,383.30 "
11-11-2014, 58.32 ," 8,362.65 "
10-11-2014, 59.83 ," 8,344.25 "
07-11-2014, 59.13 ," 8,337.00 "
05-11-2014, 57.84 ," 8,338.30 "
03-11-2014, 61.06 ," 8,324.15 "
31-10-2014, 62.38 ," 8,322.20 "
30-10-2014, 58.57 ," 8,169.20 "
29-10-2014, 53.28 ," 8,090.45 "
28-10-2014, 45.40 ," 8,027.60 "
27-10-2014, 42.12 ," 7,991.70 "
23-10-2014, 43.92 ," 8,014.55 "
22-10-2014, 40.27 ," 7,995.90 "
21-10-2014, 37.61 ," 7,927.75 "
20-10-2014, 35.86 ," 7,879.40 "
17-10-2014, 29.94 ," 7,779.70 "
16-10-2014, 26.15 ," 7,748.20 "
14-10-2014, 30.26 ," 7,864.00 "
13-10-2014, 34.38 ," 7,884.25 "
10-10-2014, 40.41 ," 7,859.95 "
09-10-2014, 44.72 ," 7,960.55 "
08-10-2014, 41.23 ," 7,842.70 "
07-10-2014, 45.47 ," 7,852.40 "
01-10-2014, 46.63 ," 7,945.55 "
30-09-2014, 39.61 ," 7,964.80 "
29-09-2014, 44.83 ," 7,958.90 "
26-09-2014, 39.11 ," 7,968.85 "
25-09-2014, 30.94 ," 7,911.85 "
24-09-2014, 37.25 ," 8,002.40 "
23-09-2014, 47.17 ," 8,017.55 "
22-09-2014, 54.06 ," 8,146.30 "
19-09-2014, 59.73 ," 8,121.45 "
18-09-2014, 60.14 ," 8,114.75 "
17-09-2014, 51.66 ," 7,975.50 "
16-09-2014, 58.50 ," 7,932.90 "
15-09-2014, 69.65 ," 8,042.00 "
12-09-2014, 76.00 ," 8,105.50 "
11-09-2014, 77.60 ," 8,085.70 "
10-09-2014, 77.13 ," 8,094.10 "
09-09-2014, 79.36 ," 8,152.95 "
08-09-2014, 73.57 ," 8,173.90 "
05-09-2014, 66.01 ," 8,086.85 "
04-09-2014, 66.85 ," 8,095.95 "
03-09-2014, 69.16 ," 8,114.60 "
02-09-2014, 72.07 ," 8,083.05 "
01-09-2014, 66.93 ," 8,027.70 "
28-08-2014, 60.33 ," 7,954.35 "
27-08-2014, 60.68 ," 7,936.05 "
26-08-2014, 56.20 ," 7,904.75 "
25-08-2014, 55.52 ," 7,906.30 "
22-08-2014, 59.56 ," 7,913.20 "
21-08-2014, 54.78 ," 7,891.10 "
20-08-2014, 54.52 ," 7,875.30 "
19-08-2014, 60.84 ," 7,897.50 "
18-08-2014, 56.97 ," 7,874.25 "
14-08-2014, 44.19 ," 7,791.70 "
13-08-2014, 38.89 ," 7,739.55 "
12-08-2014, 38.63 ," 7,727.05 "
11-08-2014, 31.92 ," 7,625.95 "
08-08-2014, 36.43 ," 7,568.55 "
07-08-2014, 42.82 ," 7,649.25 "
06-08-2014, 48.52 ," 7,672.05 "
05-08-2014, 56.21 ," 7,746.55 "
04-08-2014, 54.68 ," 7,683.65 "
01-08-2014, 51.97 ," 7,602.60 "
31-07-2014, 51.59 ," 7,721.30 "
30-07-2014, 47.32 ," 7,791.40 "
28-07-2014, 40.18 ," 7,748.70 "
25-07-2014, 42.40 ," 7,790.45 "
24-07-2014, 45.17 ," 7,830.60 "
23-07-2014, 42.11 ," 7,795.75 "
22-07-2014, 34.10 ," 7,767.85 "
21-07-2014, 28.44 ," 7,684.20 "
18-07-2014, 29.55 ," 7,663.90 "
17-07-2014, 32.64 ," 7,640.45 "
16-07-2014, 39.05 ," 7,624.40 "
15-07-2014, 41.92 ," 7,526.65 "
14-07-2014, 34.59 ," 7,454.15 "
11-07-2014, 32.86 ," 7,459.60 "
10-07-2014, 38.69 ," 7,567.75 "
09-07-2014, 36.64 ," 7,585.00 "
08-07-2014, 45.58 ," 7,623.20 "
07-07-2014, 60.16 ," 7,787.15 "
04-07-2014, 58.96 ," 7,751.60 "
03-07-2014, 54.49 ," 7,714.80 "
02-07-2014, 53.18 ," 7,725.15 "
01-07-2014, 56.82 ," 7,634.70 "
30-06-2014, 57.00 ," 7,611.35 "
27-06-2014, 43.30 ," 7,508.80 "
26-06-2014, 37.60 ," 7,493.20 "
25-06-2014, 43.25 ," 7,569.25 "
24-06-2014, 41.46 ," 7,580.20 "
23-06-2014, 40.79 ," 7,493.35 "
20-06-2014, 40.67 ," 7,511.45 "
19-06-2014, 37.84 ," 7,540.70 "
18-06-2014, 47.51 ," 7,558.20 "
17-06-2014, 51.66 ," 7,631.70 "
16-06-2014, 43.42 ," 7,533.55 "
13-06-2014, 47.33 ," 7,542.10 "
12-06-2014, 53.15 ," 7,649.90 "
11-06-2014, 56.83 ," 7,626.85 "
10-06-2014, 64.41 ," 7,656.40 "
09-06-2014, 64.95 ," 7,654.60 "
06-06-2014, 63.06 ," 7,583.40 "
05-06-2014, 63.30 ," 7,474.10 "
04-06-2014, 63.23 ," 7,402.25 "
03-06-2014, 63.38 ," 7,415.85 "
02-06-2014, 58.02 ," 7,362.50 "
30-05-2014, 51.85 ," 7,229.95 "
29-05-2014, 57.71 ," 7,235.65 "
28-05-2014, 57.91 ," 7,329.65 "
27-05-2014, 52.56 ," 7,318.00 "
26-05-2014, 66.23 ," 7,359.05 "
23-05-2014, 75.24 ," 7,367.10 "
22-05-2014, 70.59 ," 7,276.40 "
21-05-2014, 69.11 ," 7,252.90 "
20-05-2014, 70.96 ," 7,275.50 "
19-05-2014, 65.29 ," 7,263.55 "
16-05-2014, 52.56 ," 7,203.00 "
15-05-2014, 53.94 ," 7,123.15 "
14-05-2014, 57.65 ," 7,108.75 "
13-05-2014, 53.88 ," 7,108.75 "
12-05-2014, 46.17 ," 7,014.25 "
09-05-2014, 29.95 ," 6,858.80 "
08-05-2014, 22.86 ," 6,659.85 "
07-05-2014, 28.79 ," 6,652.55 "
06-05-2014, 33.01 ," 6,715.30 "
05-05-2014, 34.57 ," 6,699.35 "
02-05-2014, 33.97 ," 6,694.80 "
30-04-2014, 35.42 ," 6,696.40 "
29-04-2014, 42.92 ," 6,715.25 "
28-04-2014, 49.61 ," 6,761.25 "
25-04-2014, 48.05 ," 6,782.75 "
23-04-2014, 46.12 ," 6,840.80 "
22-04-2014, 51.15 ," 6,815.35 "
21-04-2014, 51.90 ," 6,817.65 "
17-04-2014, 39.05 ," 6,779.40 "
16-04-2014, 32.31 ," 6,675.30 "
15-04-2014, 45.15 ," 6,733.10 "
11-04-2014, 61.42 ," 6,776.30 "
10-04-2014, 69.31 ," 6,796.40 "
09-04-2014, 67.37 ," 6,796.20 "
07-04-2014, 60.37 ," 6,695.05 "
04-04-2014, 53.68 ," 6,694.35 "
03-04-2014, 59.48 ," 6,736.10 "
02-04-2014, 69.71 ," 6,752.55 "
01-04-2014, 68.74 ," 6,721.05 "
31-03-2014, 69.94 ," 6,704.20 "
28-03-2014, 75.01 ," 6,695.90 "
27-03-2014, 77.80 ," 6,641.75 "
26-03-2014, 80.85 ," 6,601.40 "
25-03-2014, 83.79 ," 6,589.75 "
24-03-2014, 81.33 ," 6,583.50 "
22-03-2014, 78.22 ," 6,494.90 "
21-03-2014, 73.45 ," 6,493.20 "
20-03-2014, 73.47 ," 6,483.10 "
19-03-2014, 75.83 ," 6,524.05 "
18-03-2014, 72.74 ," 6,516.65 "
14-03-2014, 69.48 ," 6,504.20 "
13-03-2014, 66.44 ," 6,493.10 "
12-03-2014, 66.89 ," 6,516.90 "
11-03-2014, 68.65 ," 6,511.90 "
10-03-2014, 71.69 ," 6,537.25 "
06-03-2014, 74.56 ," 6,401.15 "
05-03-2014, 71.48 ," 6,328.65 "
04-03-2014, 57.17 ," 6,297.95 "
03-03-2014, 53.95 ," 6,221.45 "
28-02-2014, 58.58 ," 6,276.95 "
26-02-2014, 48.58 ," 6,238.80 "
25-02-2014, 40.90 ," 6,200.05 "
24-02-2014, 39.21 ," 6,186.10 "
21-02-2014, 34.98 ," 6,155.45 "
20-02-2014, 33.87 ," 6,091.45 "
19-02-2014, 39.41 ," 6,152.75 "
18-02-2014, 33.85 ," 6,127.10 "
17-02-2014, 28.76 ," 6,073.30 "
14-02-2014, 22.80 ," 6,048.35 "
13-02-2014, 26.44 ," 6,001.10 "
12-02-2014, 32.34 ," 6,084.00 "
11-02-2014, 26.47 ," 6,062.70 "
10-02-2014, 29.31 ," 6,053.45 "
07-02-2014, 25.65 ," 6,063.20 "
06-02-2014, 18.31 ," 6,036.30 "
04-02-2014, 21.08 ," 6,000.90 "
03-02-2014, 21.10 ," 6,001.80 "
31-01-2014, 22.96 ," 6,089.50 "
30-01-2014, 18.47 ," 6,073.70 "
29-01-2014, 22.01 ," 6,120.25 "
28-01-2014, 20.40 ," 6,126.25 "
27-01-2014, 18.91 ," 6,135.85 "
24-01-2014, 31.82 ," 6,266.75 "
23-01-2014, 41.04 ," 6,345.65 "
22-01-2014, 38.55 ," 6,338.95 "
21-01-2014, 37.98 ," 6,313.80 "
17-01-2014, 31.87 ," 6,261.65 "
16-01-2014, 36.27 ," 6,318.90 "
15-01-2014, 31.43 ," 6,320.90 "
14-01-2014, 29.82 ," 6,241.85 "
13-01-2014, 32.27 ," 6,272.75 "
10-01-2014, 31.82 ," 6,171.45 "
09-01-2014, 36.17 ," 6,168.35 "
08-01-2014, 39.46 ," 6,174.60 "
07-01-2014, 39.48 ," 6,162.25 "
06-01-2014, 41.81 ," 6,191.45 "
03-01-2014, 42.12 ," 6,211.15 "
02-01-2014, 50.70 ," 6,221.15 "
01-01-2014, 60.90 ," 6,301.65 "
31-12-2013, 60.75 ," 6,304.00 "
30-12-2013, 60.90 ," 6,291.10 "
27-12-2013, 56.08 ," 6,313.80 "
26-12-2013, 54.46 ," 6,278.90 "
24-12-2013, 59.09 ," 6,268.40 "
23-12-2013, 59.21 ," 6,284.50 "
20-12-2013, 56.25 ," 6,274.25 "
19-12-2013, 60.93 ," 6,166.65 "
18-12-2013, 61.19 ," 6,217.15 "
17-12-2013, 53.14 ," 6,139.05 "
16-12-2013, 49.64 ," 6,154.70 "
13-12-2013, 53.90 ," 6,168.40 "
12-12-2013, 62.41 ," 6,237.05 "
11-12-2013, 62.73 ," 6,307.90 "
10-12-2013, 71.65 ," 6,332.85 "
09-12-2013, 70.35 ," 6,363.90 "
06-12-2013, 60.36 ," 6,259.90 "
04-12-2013, 46.22 ," 6,160.95 "
03-12-2013, 50.90 ," 6,201.85 "
02-12-2013, 59.17 ," 6,217.85 "
29-11-2013, 59.19 ," 6,176.10 "
28-11-2013, 52.32 ," 6,091.85 "
27-11-2013, 49.30 ," 6,057.10 "
25-11-2013, 51.72 ," 6,115.35 "
22-11-2013, 42.04 ," 5,995.45 "
21-11-2013, 44.31 ," 5,999.05 "
20-11-2013, 56.28 ," 6,122.90 "
19-11-2013, 68.28 ," 6,203.35 "
18-11-2013, 71.01 ," 6,189.00 "
13-11-2013, 59.64 ," 5,989.60 "
11-11-2013, 69.79 ," 6,078.80 "
08-11-2013, 70.99 ," 6,140.75 "
07-11-2013, 67.84 ," 6,187.25 "
06-11-2013, 71.00 ," 6,215.15 "
03-11-2013, 82.17 ," 6,324.95 "
31-10-2013, 78.80 ," 6,299.15 "
30-10-2013, 76.93 ," 6,251.70 "
28-10-2013, 67.15 ," 6,101.10 "
25-10-2013, 72.61 ," 6,144.90 "
24-10-2013, 75.48 ," 6,164.35 "
22-10-2013, 82.31 ," 6,202.80 "
18-10-2013, 80.95 ," 6,189.35 "
17-10-2013, 80.72 ," 6,045.85 "
15-10-2013, 84.77 ," 6,089.05 "
14-10-2013, 84.85 ," 6,112.70 "
10-10-2013, 78.66 ," 6,020.95 "
09-10-2013, 75.73 ," 6,007.45 "
08-10-2013, 69.85 ," 5,928.40 "
07-10-2013, 70.06 ," 5,906.15 "
04-10-2013, 74.92 ," 5,907.30 "
01-10-2013, 69.53 ," 5,780.05 "
30-09-2013, 64.75 ," 5,735.30 "
26-09-2013, 72.12 ," 5,882.25 "
25-09-2013, 72.47 ," 5,873.85 "
24-09-2013, 67.07 ," 5,892.45 "
23-09-2013, 68.70 ," 5,889.75 "
20-09-2013, 79.12 ," 6,012.10 "
19-09-2013, 74.18 ," 6,115.55 "
18-09-2013, 63.36 ," 5,899.45 "
17-09-2013, 65.40 ," 5,850.20 "
16-09-2013, 66.98 ," 5,840.55 "
11-09-2013, 59.28 ," 5,913.15 "
10-09-2013, 51.88 ," 5,896.75 "
06-09-2013, 43.65 ," 5,680.40 "
04-09-2013, 26.58 ," 5,448.10 "
02-09-2013, 29.52 ," 5,550.75 "
29-08-2013, 19.92 ," 5,409.05 "
28-08-2013, 18.33 ," 5,285.00 "
27-08-2013, 16.85 ," 5,287.45 "
26-08-2013, 20.20 ," 5,476.50 "
23-08-2013, 22.91 ," 5,471.75 "
22-08-2013, 19.57 ," 5,408.45 "
21-08-2013, 20.73 ," 5,302.55 "
19-08-2013, 16.19 ," 5,414.75 "
16-08-2013, 32.21 ," 5,507.85 "
14-08-2013, 48.64 ," 5,742.30 "
13-08-2013, 41.99 ," 5,699.30 "
12-08-2013, 38.40 ," 5,612.40 "
08-08-2013, 38.18 ," 5,565.65 "
07-08-2013, 34.27 ," 5,519.10 "
06-08-2013, 35.06 ," 5,542.25 "
05-08-2013, 32.08 ," 5,685.40 "
02-08-2013, 32.06 ," 5,677.90 "
31-07-2013, 45.04 ," 5,742.00 "
30-07-2013, 42.90 ," 5,755.05 "
29-07-2013, 47.77 ," 5,831.65 "
26-07-2013, 47.17 ," 5,886.20 "
25-07-2013, 44.22 ," 5,907.50 "
19-07-2013, 48.85 ," 6,029.20 "
17-07-2013, 34.85 ," 5,973.30 "
16-07-2013, 39.94 ," 5,955.25 "
15-07-2013, 41.94 ," 6,030.80 "
12-07-2013, 42.59 ," 6,009.00 "
11-07-2013, 38.85 ," 5,935.10 "
09-07-2013, 43.25 ," 5,859.00 "
08-07-2013, 40.48 ," 5,811.55 "
05-07-2013, 42.39 ," 5,867.90 "
04-07-2013, 36.74 ," 5,836.95 "
03-07-2013, 36.45 ," 5,770.90 "
28-06-2013, 39.67 ," 5,842.20 "
27-06-2013, 25.47 ," 5,682.35 "
26-06-2013, 19.78 ," 5,588.70 "
25-06-2013, 22.26 ," 5,609.10 "
24-06-2013, 19.51 ," 5,590.25 "
21-06-2013, 16.98 ," 5,667.65 "
19-06-2013, 24.23 ," 5,822.25 "
17-06-2013, 27.29 ," 5,850.05 "
14-06-2013, 24.78 ," 5,808.40 "
13-06-2013, 24.97 ," 5,699.10 "
12-06-2013, 24.22 ," 5,760.20 "
11-06-2013, 23.60 ," 5,788.80 "
10-06-2013, 27.72 ," 5,878.00 "
07-06-2013, 36.67 ," 5,881.00 "
06-06-2013, 44.64 ," 5,921.40 "
05-06-2013, 41.27 ," 5,923.85 "
04-06-2013, 39.31 ," 5,919.45 "
03-06-2013, 37.04 ," 5,939.30 "
31-05-2013, 39.59 ," 5,985.95 "
30-05-2013, 45.00 ," 6,124.05 "
29-05-2013, 49.70 ," 6,104.30 "
28-05-2013, 58.39 ," 6,111.25 "
27-05-2013, 53.14 ," 6,083.15 "
23-05-2013, 44.42 ," 5,967.05 "
22-05-2013, 51.35 ," 6,094.50 "
20-05-2013, 57.53 ," 6,156.90 "
16-05-2013, 64.19 ," 6,169.90 "
15-05-2013, 60.96 ," 6,146.75 "
14-05-2013, 52.29 ," 5,995.40 "
13-05-2013, 54.74 ," 5,980.45 "
11-05-2013, 61.50 ," 6,107.25 "
10-05-2013, 57.34 ," 6,094.75 "
09-05-2013, 52.85 ," 6,050.15 "
08-05-2013, 56.02 ," 6,069.30 "
07-05-2013, 66.24 ," 6,043.55 "
06-05-2013, 70.51 ," 5,971.05 "
03-05-2013, 71.24 ," 5,944.00 "
02-05-2013, 74.87 ," 5,999.35 "
30-04-2013, 79.31 ," 5,930.20 "
29-04-2013, 79.12 ," 5,904.10 "
26-04-2013, 73.63 ," 5,871.45 "
25-04-2013, 65.26 ," 5,916.30 "
23-04-2013, 57.93 ," 5,836.90 "
22-04-2013, 56.23 ," 5,834.40 "
18-04-2013, 47.37 ," 5,783.10 "
17-04-2013, 45.80 ," 5,688.70 "
16-04-2013, 48.70 ," 5,688.95 "
15-04-2013, 42.72 ," 5,568.40 "
12-04-2013, 39.84 ," 5,528.55 "
11-04-2013, 41.13 ," 5,594.00 "
10-04-2013, 34.43 ," 5,558.70 "
09-04-2013, 29.85 ," 5,495.10 "
08-04-2013, 34.93 ," 5,542.95 "
05-04-2013, 36.19 ," 5,553.25 "
04-04-2013, 41.38 ," 5,574.75 "
03-04-2013, 50.24 ," 5,672.90 "
02-04-2013, 48.67 ," 5,748.10 "
01-04-2013, 40.42 ," 5,704.40 "
28-03-2013, 27.41 ," 5,682.55 "
26-03-2013, 46.72 ," 5,641.60 "
22-03-2013, 15.58 ," 5,651.35 "
21-03-2013, 15.00 ," 5,658.75 "
20-03-2013, 15.00 ," 5,694.40 "
19-03-2013, 20.36 ," 5,745.95 "
18-03-2013, 28.05 ," 5,835.25 "
15-03-2013, 37.21 ," 5,872.60 "
14-03-2013, 33.89 ," 5,908.95 "
13-03-2013, 29.05 ," 5,851.20 "
12-03-2013, 37.31 ," 5,914.10 "
11-03-2013, 44.62 ," 5,942.35 "
08-03-2013, 45.57 ," 5,945.70 "
07-03-2013, 40.93 ," 5,863.30 "
06-03-2013, 42.76 ," 5,818.60 "
05-03-2013, 38.66 ," 5,784.25 "
04-03-2013, 32.12 ," 5,698.50 "
01-03-2013, 28.40 ," 5,719.70 "
28-02-2013, 29.50 ," 5,693.05 "
27-02-2013, 28.91 ," 5,796.90 "
26-02-2013, 24.93 ," 5,761.35 "
25-02-2013, 30.38 ," 5,854.75 "
22-02-2013, 27.62 ," 5,850.30 "
21-02-2013, 26.18 ," 5,852.25 "
20-02-2013, 34.24 ," 5,943.05 "
19-02-2013, 31.04 ," 5,939.70 "
18-02-2013, 22.36 ," 5,898.20 "
15-02-2013, 21.10 ," 5,887.40 "
14-02-2013, 18.56 ," 5,896.95 "
13-02-2013, 16.02 ," 5,932.95 "
12-02-2013, 17.45 ," 5,922.50 "
11-02-2013, 16.69 ," 5,897.85 "
08-02-2013, 16.34 ," 5,903.50 "
07-02-2013, 23.09 ," 5,938.80 "
06-02-2013, 29.67 ," 5,959.20 "
05-02-2013, 28.54 ," 5,956.90 "
04-02-2013, 33.47 ," 5,987.25 "
01-02-2013, 43.88 ," 5,998.90 "
31-01-2013, 45.42 ," 6,034.75 "
30-01-2013, 39.29 ," 6,055.75 "
29-01-2013, 35.42 ," 6,049.90 "
28-01-2013, 42.98 ," 6,074.80 "
25-01-2013, 41.94 ," 6,074.65 "
24-01-2013, 40.30 ," 6,019.35 "
23-01-2013, 46.57 ," 6,054.30 "
22-01-2013, 54.84 ," 6,048.50 "
21-01-2013, 63.51 ," 6,082.30 "
18-01-2013, 61.41 ," 6,064.40 "
17-01-2013, 52.22 ," 6,039.20 "
16-01-2013, 54.14 ," 6,001.85 "
15-01-2013, 68.69 ," 6,056.60 "
14-01-2013, 65.34 ," 6,024.05 "
11-01-2013, 65.32 ," 5,951.30 "
10-01-2013, 74.23 ," 5,968.65 "
09-01-2013, 76.83 ," 5,971.50 "
08-01-2013, 77.09 ," 6,001.70 "
07-01-2013, 78.08 ," 5,988.40 "
04-01-2013, 79.12 ," 6,016.15 "
03-01-2013, 74.68 ," 6,009.50 "
02-01-2013, 75.66 ," 5,993.25 "
01-01-2013, 67.93 ," 5,950.85 "
31-12-2012, 61.94 ," 5,905.10 "
28-12-2012, 55.91 ," 5,908.35 "
27-12-2012, 47.85 ," 5,870.10 "
26-12-2012, 47.89 ," 5,905.60 "
24-12-2012, 40.04 ," 5,855.75 "
21-12-2012, 42.67 ," 5,847.70 "
20-12-2012, 52.07 ," 5,916.40 "
19-12-2012, 55.53 ," 5,929.60 "
18-12-2012, 50.64 ," 5,896.80 "
17-12-2012, 47.51 ," 5,857.90 "
14-12-2012, 46.72 ," 5,879.60 "
13-12-2012, 48.95 ," 5,851.50 "
12-12-2012, 52.67 ," 5,888.00 "
11-12-2012, 57.13 ," 5,898.80 "
10-12-2012, 58.91 ," 5,908.90 "
07-12-2012, 59.39 ," 5,907.40 "
06-12-2012, 59.37 ," 5,930.90 "
05-12-2012, 54.17 ," 5,900.50 "
04-12-2012, 58.85 ," 5,889.25 "
03-12-2012, 61.05 ," 5,870.95 "
30-11-2012, 54.16 ," 5,879.85 "
29-11-2012, 46.20 ," 5,825.00 "
27-11-2012, 36.53 ," 5,727.45 "
26-11-2012, 26.00 ," 5,635.90 "
23-11-2012, 22.95 ," 5,626.60 "
22-11-2012, 24.69 ," 5,627.75 "
21-11-2012, 20.41 ," 5,614.80 "
20-11-2012, 15.00 ," 5,571.55 "
19-11-2012, 15.00 ," 5,571.40 "
16-11-2012, 28.19 ," 5,574.05 "
15-11-2012, 42.88 ," 5,631.00 "
13-11-2012, 44.26 ," 5,666.95 "
12-11-2012, 42.62 ," 5,683.70 "
09-11-2012, 48.64 ," 5,686.25 "
08-11-2012, 55.22 ," 5,738.75 "
07-11-2012, 53.56 ," 5,760.10 "
06-11-2012, 50.33 ," 5,724.40 "
05-11-2012, 55.03 ," 5,704.20 "
02-11-2012, 61.17 ," 5,697.70 "
01-11-2012, 57.92 ," 5,645.05 "
31-10-2012, 51.45 ," 5,619.70 "
30-10-2012, 50.52 ," 5,597.90 "
29-10-2012, 55.20 ," 5,665.60 "
26-10-2012, 56.65 ," 5,664.30 "
25-10-2012, 57.09 ," 5,705.30 "
23-10-2012, 66.06 ," 5,691.40 "
22-10-2012, 66.01 ," 5,717.15 "
19-10-2012, 67.08 ," 5,684.25 "
18-10-2012, 75.22 ," 5,718.70 "
17-10-2012, 68.30 ," 5,660.25 "
16-10-2012, 67.75 ," 5,648.00 "
15-10-2012, 66.28 ," 5,687.25 "
12-10-2012, 68.07 ," 5,676.05 "
11-10-2012, 68.15 ," 5,708.05 "
10-10-2012, 61.80 ," 5,652.15 "
09-10-2012, 59.81 ," 5,704.60 "
08-10-2012, 64.08 ," 5,676.00 "
05-10-2012, 77.03 ," 5,746.95 "
04-10-2012, 81.22 ," 5,787.60 "
03-10-2012, 81.91 ," 5,731.25 "
01-10-2012, 83.65 ," 5,718.80 "
28-09-2012, 79.48 ," 5,703.30 "
27-09-2012, 73.83 ," 5,649.50 "
26-09-2012, 71.36 ," 5,663.45 "
25-09-2012, 67.42 ," 5,673.90 "
24-09-2012, 66.26 ," 5,669.60 "
21-09-2012, 61.93 ," 5,691.15 "
20-09-2012, 60.90 ," 5,554.25 "
18-09-2012, 64.58 ," 5,600.05 "
17-09-2012, 68.80 ," 5,610.00 "
14-09-2012, 66.29 ," 5,577.65 "
13-09-2012, 62.70 ," 5,435.35 "
12-09-2012, 62.15 ," 5,431.00 "
11-09-2012, 54.56 ," 5,390.00 "
10-09-2012, 54.99 ," 5,363.45 "
08-09-2012, 58.28 ," 5,358.70 "
07-09-2012, 47.08 ," 5,342.10 "
06-09-2012, 34.23 ," 5,238.40 "
05-09-2012, 42.46 ," 5,225.70 "
04-09-2012, 44.90 ," 5,274.00 "
03-09-2012, 37.43 ," 5,253.75 "
31-08-2012, 46.53 ," 5,258.50 "
30-08-2012, 52.19 ," 5,315.05 "
29-08-2012, 49.65 ," 5,287.80 "
28-08-2012, 48.15 ," 5,334.60 "
27-08-2012, 51.66 ," 5,350.25 "
24-08-2012, 56.70 ," 5,386.70 "
23-08-2012, 57.85 ," 5,415.35 "
22-08-2012, 65.21 ," 5,412.85 "
21-08-2012, 67.35 ," 5,421.00 "
17-08-2012, 66.12 ," 5,366.30 "
16-08-2012, 72.10 ," 5,362.95 "
14-08-2012, 75.89 ," 5,380.35 "
13-08-2012, 71.28 ," 5,347.90 "
10-08-2012, 69.48 ," 5,320.40 "
09-08-2012, 70.68 ," 5,322.95 "
08-08-2012, 73.89 ," 5,338.00 "
07-08-2012, 77.70 ," 5,336.70 "
06-08-2012, 70.70 ," 5,282.55 "
03-08-2012, 66.02 ," 5,215.70 "
02-08-2012, 69.05 ," 5,227.75 "
01-08-2012, 68.34 ," 5,240.50 "
31-07-2012, 70.38 ," 5,229.00 "
30-07-2012, 66.33 ," 5,199.80 "
27-07-2012, 49.00 ," 5,099.85 "
26-07-2012, 43.70 ," 5,043.00 "
25-07-2012, 50.70 ," 5,109.60 "
24-07-2012, 49.91 ," 5,128.20 "
23-07-2012, 52.36 ," 5,117.95 "
20-07-2012, 66.47 ," 5,205.10 "
19-07-2012, 73.96 ," 5,242.70 "
18-07-2012, 69.53 ," 5,216.30 "
17-07-2012, 65.71 ," 5,192.85 "
16-07-2012, 67.80 ," 5,197.25 "
13-07-2012, 74.91 ," 5,227.25 "
12-07-2012, 79.69 ," 5,235.25 "
11-07-2012, 82.12 ," 5,306.30 "
10-07-2012, 85.00 ," 5,345.35 "
09-07-2012, 85.00 ," 5,275.15 "
06-07-2012, 85.00 ," 5,316.95 "
05-07-2012, 85.00 ," 5,327.30 "
04-07-2012, 85.00 ," 5,302.55 "
03-07-2012, 85.00 ," 5,287.95 "
02-07-2012, 83.06 ," 5,278.60 "
29-06-2012, 79.01 ," 5,278.90 "
28-06-2012, 78.47 ," 5,149.15 "
27-06-2012, 76.83 ," 5,141.90 "
26-06-2012, 66.26 ," 5,120.80 "
25-06-2012, 60.90 ," 5,114.65 "
22-06-2012, 67.19 ," 5,146.05 "
21-06-2012, 68.30 ," 5,165.00 "
20-06-2012, 62.22 ," 5,120.55 "
19-06-2012, 50.23 ," 5,103.85 "
18-06-2012, 48.70 ," 5,064.25 "
15-06-2012, 47.83 ," 5,139.05 "
14-06-2012, 45.02 ," 5,054.75 "
13-06-2012, 51.17 ," 5,121.45 "
12-06-2012, 46.82 ," 5,115.90 "
11-06-2012, 48.15 ," 5,054.10 "
08-06-2012, 49.79 ," 5,068.35 "
07-06-2012, 43.33 ," 5,049.65 "
06-06-2012, 30.45 ," 4,997.10 "
05-06-2012, 21.64 ," 4,863.30 "
04-06-2012, 19.42 ," 4,848.15 "
01-06-2012, 19.37 ," 4,841.60 "
31-05-2012, 20.30 ," 4,924.25 "
30-05-2012, 24.49 ," 4,950.75 "
29-05-2012, 34.29 ," 4,990.10 "
28-05-2012, 31.93 ," 4,985.65 "
25-05-2012, 26.37 ," 4,920.40 "
24-05-2012, 22.98 ," 4,921.40 "
23-05-2012, 18.48 ," 4,835.65 "
22-05-2012, 23.56 ," 4,860.50 "
21-05-2012, 30.60 ," 4,906.05 "
18-05-2012, 27.74 ," 4,891.45 "
17-05-2012, 23.98 ," 4,870.20 "
16-05-2012, 30.78 ," 4,858.25 "
15-05-2012, 32.52 ," 4,942.80 "
14-05-2012, 29.85 ," 4,907.80 "
11-05-2012, 28.57 ," 4,928.90 "
10-05-2012, 24.74 ," 4,965.70 "
09-05-2012, 25.83 ," 4,974.80 "
08-05-2012, 32.82 ," 4,999.95 "
07-05-2012, 36.58 ," 5,114.15 "
04-05-2012, 34.10 ," 5,086.85 "
03-05-2012, 39.83 ," 5,188.40 "
02-05-2012, 51.12 ," 5,239.15 "
30-04-2012, 51.38 ," 5,248.15 "
27-04-2012, 35.78 ," 5,190.60 "
26-04-2012, 29.71 ," 5,189.00 "
25-04-2012, 39.31 ," 5,202.00 "
24-04-2012, 38.05 ," 5,222.65 "
23-04-2012, 37.06 ," 5,200.60 "
20-04-2012, 43.11 ," 5,290.85 "
19-04-2012, 41.83 ," 5,332.40 "
18-04-2012, 46.95 ," 5,300.00 "
17-04-2012, 50.71 ," 5,289.70 "
16-04-2012, 41.86 ," 5,226.20 "
13-04-2012, 41.17 ," 5,207.45 "
12-04-2012, 45.78 ," 5,276.85 "
11-04-2012, 42.90 ," 5,226.85 "
10-04-2012, 40.28 ," 5,243.60 "
09-04-2012, 43.59 ," 5,234.40 "
04-04-2012, 51.95 ," 5,322.90 "
03-04-2012, 57.71 ," 5,358.50 "
02-04-2012, 50.26 ," 5,317.90 "
30-03-2012, 30.99 ," 5,295.55 "
29-03-2012, 18.28 ," 5,178.85 "
28-03-2012, 20.48 ," 5,194.75 "
27-03-2012, 20.08 ," 5,243.15 "
26-03-2012, 28.73 ," 5,184.25 "
23-03-2012, 35.20 ," 5,278.20 "
22-03-2012, 45.94 ," 5,228.45 "
21-03-2012, 60.37 ," 5,364.95 "
20-03-2012, 49.46 ," 5,274.85 "
19-03-2012, 43.75 ," 5,257.05 "
16-03-2012, 43.22 ," 5,317.90 "
15-03-2012, 52.37 ," 5,380.50 "
14-03-2012, 64.83 ," 5,463.90 "
13-03-2012, 64.15 ," 5,429.50 "
12-03-2012, 60.44 ," 5,359.55 "
